SET ANSI_NULLS ON;
SET QUOTED_IDENTIFIER ON;
GO

SET IDENTITY_INSERT [Identity].[Roles] ON;

INSERT INTO [Identity].[Roles] ([Id], [Name], [NormalizedName], [ConcurrencyStamp])
VALUES
(1, N'Administrator', N'ADMINISTRATOR', N'2d60affb-ee2e-4c83-827f-7dfe4b09d7d8'),
(2, N'Nurse', N'NURSE', N'0a117038-87bd-4155-97e9-1e80b6c3c387'),
(3, N'Provider', N'PROVIDER', N'8a56674e-8bb2-47fb-8d9a-e020060bd234')

SET IDENTITY_INSERT [Identity].[Roles] OFF;
GO

SET IDENTITY_INSERT [Identity].[Users] ON;

INSERT INTO [Identity].[Users] ([Id], [UserName], [NormalizedUserName], [Email], [NormalizedEmail], [EmailConfirmed], [PasswordHash], [SecurityStamp], [ConcurrencyStamp], [AccessFailedCount], [PhoneNumberConfirmed], [TwoFactorEnabled], [LockoutEnabled])
VALUES
-- Password: administrator@local
(100, N'administrator@local', N'ADMINISTRATOR@LOCAL', N'administrator@local', N'ADMINISTRATOR@LOCAL', CAST(1 AS bit), N'AQAAAAEAACcQAAAAEKl07TabjxL9p6ByiHvF3Udyy+aSHN1zQH/AdoK+EfFL/hRex/aGihC0HHeM4z2GTQ==', N'9d61551f-345f-4e22-b0c3-4a0b8f66a17b', N'9b3ad633-1a69-4496-aa46-c14a2e6d673d', 0, 0, 0, 0),
-- Password: nurse@local
(101, N'nurse@local', N'NURSE@LOCAL', N'nurse@local', N'NURSE@LOCAL', CAST(1 AS bit), N'AQAAAAEAACcQAAAAEKNdIRR39rS90gt0bYW3X4DcE8Cscowru324VMuBYSoJwM+cyqYmTyKPeK90EZSUEw==', N'6f785a07-c956-43e1-85f9-c1d150bf3cfb', N'e1e670fd-ecfa-4b5c-a75d-588d63a65c28', 0, 0, 0, 0),
-- Password: provider@local
(102, N'provider@local', N'PROVIDER@LOCAL', N'provider@local', N'PROVIDER@LOCAL', CAST(1 AS bit), N'AQAAAAEAACcQAAAAEHUeaoXRBoSo+uSIbEYPLRw7G4bWoOiS6oU2KlLt1z2ocGsT4jxJ3d5v/qk/G6/iZw==', N'04c3e172-298d-4007-8aa5-6c8e9118ffbd', N'1cc6803b-097b-4167-b10f-801b0f86493f', 0, 0, 0, 0)

SET IDENTITY_INSERT [Identity].[Users] OFF;
GO

INSERT INTO [Identity].[UserRoles] ([UserId], [RoleId])
VALUES
(100, 1),
(101, 2),
(102, 3)

SET IDENTITY_INSERT [Clinical].[Facilities] ON;
GO

INSERT INTO [Clinical].[Facilities] ([ID], [Name], [Abbreviation])
VALUES
    (1, N'Facility 1', 'Fac1'),
    (2, N'Facility 2', 'Fac2');
GO

SET IDENTITY_INSERT [Clinical].[Facilities] OFF;
GO

-- HospitalizationStatuses lookup table (matches HospitalizationStatus enum - no IDENTITY_INSERT needed)
INSERT INTO [Clinical].[HospitalizationStatuses] ([Id], [Code], [Name], [DisplayOrder])
VALUES
(1, N'DTS', N'Acute', 1),
(2, N'DTO', N'Acute', 2),
(3, N'GD', N'Acute', 3),
(4, N'SND', N'Status Next Day', 4),
(5, N'PP', N'Pending Placement', 5),
(6, N'TCON-PP', N'TCON-PP', 6);
GO

-- ProviderTypes lookup table (matches ProviderType enum - no IDENTITY_INSERT needed)
INSERT INTO [Clinical].[ProviderTypes] ([Id], [Code], [Name], [DisplayOrder])
VALUES
(0, N'MD', N'Physician', 1),
(1, N'NP', N'Nurse Practitioner', 2);
GO

-- ProviderAssignmentBatchStatuses lookup table (matches ProviderAssignmentBatchStatus enum - no IDENTITY_INSERT needed)
INSERT INTO [staging].[ProviderAssignmentBatchStatuses] ([Id], [Code], [Name], [DisplayOrder])
VALUES
(0, N'Pending', N'Pending', 1),
(1, N'Imported', N'Imported', 2),
(2, N'Resolved', N'Resolved', 3),
(3, N'Processed', N'Processed', 4);
GO

-- ServiceTypes lookup table (matches ServiceType enum - no IDENTITY_INSERT needed)
INSERT INTO [Clinical].[ServiceTypes] ([Id], [Code], [Name], [DisplayOrder])
VALUES
(1, N'PsychEvaluation', N'Psych Evaluation', 1),
(2, N'ProgressNote', N'Progress Note', 2),
(3, N'DischargeSummary', N'Discharge Summary', 3);
GO


-- VisitEventTypes lookup table (matches VisitEventType enum - no IDENTITY_INSERT needed)
INSERT INTO [Clinical].[VisitEventTypes] ([Id], [Code], [Name], [DisplayOrder])
VALUES
(1, N'Interval', N'Interval', 1),
(2, N'Interview', N'Interview', 2),
(3, N'Plan', N'Plan', 3);
GO

INSERT INTO [Billing].[BillingCodes] ([Id], [Code], [Description])
VALUES
    (1, '99233', N'Inpatient subsequent care, High complexity'),
    (2, '99232', N'Inpatient subsequent care, Moderate complexity'),
    (3, '99231', N'Inpatient subsequent care, Low complexity'),
    (4, '90792', N'Psychiatric Diagnostic evaluation with medical services'),
    (5, '99239', N'Discharge day management, high complexity');
GO

INSERT INTO Billing.ServiceTypeBillingCodes (ServiceTypeId, BillingCodeId, IsDefault)
VALUES
    -- Psych Eval (1): 90792 only - default
    (1, (SELECT Id FROM Billing.BillingCodes WHERE Code = '90792'), 1),

    -- DC Summary (3): 99239 only - default
    (3, (SELECT Id FROM Billing.BillingCodes WHERE Code = '99239'), 1),

    -- Progress Note (2): 99231, 99232 (default), 99233
    (2, (SELECT Id FROM Billing.BillingCodes WHERE Code = '99231'), 0),
    (2, (SELECT Id FROM Billing.BillingCodes WHERE Code = '99232'), 1),  -- Default
    (2, (SELECT Id FROM Billing.BillingCodes WHERE Code = '99233'), 0);
GO

SET IDENTITY_INSERT [Clinical].[Patients] ON;
GO

INSERT INTO [Clinical].[Patients] ([ID], [FirstName], [LastName], [BirthDate])
VALUES
    (1, 'Emma', 'Johnson', '1985-04-12'),
    (2, 'Liam', 'Smith', '1990-07-23'),
    (3, 'Olivia', 'Brown', '1978-11-05'),
    (4, 'Noah', 'Davis', '2002-01-30'),
    (5, 'Ava', 'Miller', '1965-09-18'),
    (6, 'Elijah', 'Wilson', '1988-03-14'),
    (7, 'Sophia', 'Moore', '1995-12-09'),
    (8, 'James', 'Taylor', '1972-06-25'),
    (9, 'Isabella', 'Anderson', '2000-08-17'),
    (10, 'Benjamin', 'Thomas', '1983-02-03'),
    (11, 'Charlotte', 'Jackson', '1991-05-22'),
    (12, 'William', 'White', '1975-10-10'),
    (13, 'Amelia', 'Harris', '1989-07-07'),
    (14, 'Lucas', 'Martin', '1993-03-19'),
    (15, 'Mia', 'Thompson', '1968-12-01'),
    (16, 'Henry', 'Garcia', '1982-06-15'),
    (17, 'Harper', 'Martinez', '1999-09-09'),
    (18, 'Alexander', 'Robinson', '1970-04-04'),
    (19, 'Evelyn', 'Clark', '1987-11-11'),
    (20, 'Michael', 'Rodriguez', '1996-08-08'),
    (21, 'Abigail', 'Lewis', '1980-02-20'),
    (22, 'Daniel', 'Lee', '1994-05-05'),
    (23, 'Ella', 'Walker', '1976-03-03'),
    (24, 'Matthew', 'Hall', '1986-07-07'),
    (25, 'Scarlett', 'Allen', '1992-01-01'),
    (26, 'Jackson', 'Young', '1981-09-09'),
    (27, 'Grace', 'Hernandez', '1979-10-10'),
    (28, 'Sebastian', 'King', '1997-04-04'),
    (29, 'Chloe', 'Wright', '1984-06-06'),
    (30, 'David', 'Lopez', '2001-02-02'),
    (31, 'Aria', 'Hill', '1969-08-08'),
    (32, 'Joseph', 'Scott', '1983-03-03'),
    (33, 'Victoria', 'Green', '1998-05-05'),
    (34, 'Samuel', 'Adams', '1977-07-07'),
    (35, 'Lily', 'Baker', '1986-12-12'),
    (36, 'Owen', 'Nelson', '1990-10-10'),
    (37, 'Zoey', 'Carter', '1985-01-01'),
    (38, 'Jack', 'Mitchell', '1973-09-09'),
    (39, 'Hannah', 'Perez', '1991-11-11'),
    (40, 'Levi', 'Roberts', '1982-02-02'),
    (41, 'Nora', 'Turner', '1996-06-06'),
    (42, 'Isaac', 'Phillips', '1974-04-04'),
    (43, 'Penelope', 'Campbell', '1988-08-08'),
    (44, 'Gabriel', 'Parker', '1993-03-03'),
    (45, 'Riley', 'Evans', '1980-05-05'),
    (46, 'Julian', 'Edwards', '1971-07-07'),
    (47, 'Layla', 'Collins', '1989-09-09'),
    (48, 'Anthony', 'Stewart', '1995-01-01'),
    (49, 'Zoey', 'Sanchez', '1984-10-10'),
    (50, 'Nathan', 'Morris', '1978-12-12'),
    (51, 'Stella', 'Rogers', '1992-02-02'),
    (52, 'Christian', 'Reed', '1987-06-06'),
    (53, 'Aurora', 'Cook', '1975-03-03'),
    (54, 'Hunter', 'Morgan', '1999-05-05'),
    (55, 'Lucy', 'Bell', '1981-07-07'),
    (56, 'Aaron', 'Murphy', '1994-09-09'),
    (57, 'Paisley', 'Bailey', '1976-11-11'),
    (58, 'Charles', 'Rivera', '1983-01-01'),
    (59, 'Ellie', 'Cooper', '1997-10-10'),
    (60, 'Isaiah', 'Richardson', '1980-12-12'),
    (61, 'Hazel', 'Cox', '1990-02-02'),
    (62, 'Andrew', 'Howard', '1972-06-06'),
    (63, 'Violet', 'Ward', '1986-04-04'),
    (64, 'Thomas', 'Torres', '1998-08-08'),
    (65, 'Brooklyn', 'Peterson', '1979-03-03'),
    (66, 'Eli', 'Gray', '1985-05-05'),
    (67, 'Claire', 'Ramirez', '1993-07-07'),
    (68, 'Adam', 'James', '1970-09-09'),
    (69, 'Audrey', 'Watson', '1982-11-11'),
    (70, 'Jonathan', 'Brooks', '1996-01-01'),
    (71, 'Savannah', 'Kelly', '1984-10-10'),
    (72, 'Christopher', 'Sanders', '1977-12-12'),
    (73, 'Anna', 'Price', '1991-02-02'),
    (74, 'Lincoln', 'Bennett', '1989-06-06'),
    (75, 'Aubrey', 'Wood', '1974-04-04'),
    (76, 'Grayson', 'Barnes', '1995-08-08'),
    (77, 'Zoey', 'Ross', '1983-03-03'),
    (78, 'Ryan', 'Henderson', '1971-05-05'),
    (79, 'Bella', 'Coleman', '1987-07-07'),
    (80, 'Jaxon', 'Jenkins', '1999-09-09'),
    (81, 'Camila', 'Perry', '1981-11-11'),
    (82, 'Nathaniel', 'Powell', '1976-01-01'),
    (83, 'Madelyn', 'Long', '1992-10-10'),
    (84, 'Easton', 'Patterson', '1980-12-12'),
    (85, 'Alice', 'Hughes', '1990-02-02'),
    (86, 'Connor', 'Flores', '1973-06-06'),
    (87, 'Ruby', 'Washington', '1986-04-04'),
    (88, 'Eleanor', 'West', '1994-08-08'),
    (89, 'Miles', 'Jordan', '1982-03-03'),
    (90, 'Anna', 'Foster', '1975-05-05'),
    (91, 'Jason', 'Hunter', '1987-07-07'),
    (92, 'Luna', 'Dean', '1999-09-09'),
    (93, 'Caleb', 'Austin', '1981-11-11'),
    (94, 'Aaliyah', 'Spencer', '1976-01-01'),
    (95, 'Ezekiel', 'McCoy', '1992-10-10'),
    (96, 'Sadie', 'Ray', '1980-12-12'),
    (97, 'Asher', 'Gibson', '1990-02-02'),
    (98, 'Caroline', 'Ford', '1973-06-06'),
    (99, 'Roman', 'Hamilton', '1986-04-04'),
    (100, 'Zoe', 'Hughes', '1993-10-11');
GO


SET IDENTITY_INSERT [Clinical].[Patients] OFF;
GO

SET IDENTITY_INSERT [Clinical].[PatientFacilities] ON;
GO

INSERT INTO [Clinical].[PatientFacilities] ([Id], [PatientId], [FacilityId], [MRN])
VALUES
    (1, 1, 1, 823104),
    (2, 2, 1, 823105),
    (3, 3, 1, 823106),
    (4, 4, 1, 823107),
    (5, 5, 1, 823108),
    (6, 6, 1, 823109),
    (7, 7, 1, 823110),
    (8, 8, 1, 823111),
    (9, 9, 1, 823112),
    (10, 10, 1, 823113),
    (11, 11, 1, 823114),
    (12, 12, 1, 823115),
    (13, 13, 1, 823116),
    (14, 14, 1, 823117),
    (15, 15, 1, 823118),
    (16, 16, 1, 823119),
    (17, 17, 1, 823120),
    (18, 18, 1, 823121),
    (19, 19, 1, 823122),
    (20, 20, 1, 823123),
    (21, 21, 1, 823124),
    (22, 22, 1, 823125),
    (23, 23, 1, 823126),
    (24, 24, 1, 823127),
    (25, 25, 1, 823128),
    (26, 26, 1, 823129),
    (27, 27, 1, 823130),
    (28, 28, 1, 823131),
    (29, 29, 1, 823132),
    (30, 30, 1, 823133),
    (31, 31, 1, 823134),
    (32, 32, 1, 823135),
    (33, 33, 1, 823136),
    (34, 34, 1, 823137),
    (35, 35, 1, 823138),
    (36, 36, 1, 823139),
    (37, 37, 1, 823140),
    (38, 38, 1, 823141),
    (39, 39, 1, 823142),
    (40, 40, 1, 823143),
    (41, 41, 1, 823144),
    (42, 42, 1, 823145),
    (43, 43, 1, 823146),
    (44, 44, 1, 823147),
    (45, 45, 1, 823148),
    (46, 46, 1, 823149),
    (47, 47, 1, 823150),
    (48, 48, 1, 823151),
    (49, 49, 1, 823152),
    (50, 50, 1, 823153),
    (51, 51, 1, 823154),
    (52, 52, 1, 823155),
    (53, 53, 1, 823156),
    (54, 54, 1, 823157),
    (55, 55, 1, 823158),
    (56, 56, 1, 823159),
    (57, 57, 1, 823160),
    (58, 58, 1, 823161),
    (59, 59, 1, 823162),
    (60, 60, 1, 823163),
    (61, 61, 1, 823164),
    (62, 62, 1, 823165),
    (63, 63, 1, 823166),
    (64, 64, 1, 823167),
    (65, 65, 1, 823168),
    (66, 66, 1, 823169),
    (67, 67, 1, 823170),
    (68, 68, 1, 823171),
    (69, 69, 1, 823172),
    (70, 70, 1, 823173),
    (71, 71, 1, 823174),
    (72, 72, 1, 823175),
    (73, 73, 1, 823176),
    (74, 74, 1, 823177),
    (75, 75, 1, 823178),
    (76, 76, 1, 823179),
    (77, 77, 1, 823180),
    (78, 78, 1, 823181),
    (79, 79, 1, 823182),
    (80, 80, 1, 823183),
    (81, 81, 1, 823184),
    (82, 82, 1, 823185),
    (83, 83, 1, 823186),
    (84, 84, 1, 823187),
    (85, 85, 1, 823188),
    (86, 86, 1, 823189),
    (87, 87, 1, 823190),
    (88, 88, 1, 823191),
    (89, 89, 1, 823192),
    (90, 90, 1, 823193),
    (91, 91, 1, 823194),
    (92, 92, 1, 823195),
    (93, 93, 1, 823196),
    (94, 94, 1, 823197),
    (95, 95, 1, 823198),
    (96, 96, 1, 823199),
    (97, 97, 1, 823200),
    (98, 98, 1, 823201),
    (99, 99, 1, 823202),
    (100, 100, 1, 823203);
GO

SET IDENTITY_INSERT [Clinical].[PatientFacilities] OFF;
GO

SET IDENTITY_INSERT [Compensation].[Employees] ON;
GO

-- Role enum: Provider=0, NursePractitioner=1, Staff=2
INSERT INTO [Compensation].[Employees] ([ID], [FirstName], [LastName], [TitleExtension], [Role], [Email])
VALUES
    (1, 'Emma', 'Harrison', 'MD', 0, 'emma.harrison@consilientivh.com'),
    (2, 'Liam', 'Turner', 'MD', 0, 'liam.turner@consilientivh.com'),
    (3, 'Olivia', 'Bennett', 'MD', 0, 'olivia.bennett@consilientivh.com'),
    (4, 'Noah', 'Foster', 'MD', 0, 'noah.foster@consilientivh.com'),
    (5, 'Ava', 'Graham', 'NP', 1, 'ava.graham@consilientivh.com'),
    (6, 'Elijah', 'Coleman', 'NP', 1, 'elijah.coleman@consilientivh.com'),
    (7, 'Sophia', 'Reed', NULL, 2, 'sophia.reed@consilientivh.com'),
    (8, 'James', 'Perry', NULL, 2, 'james.perry@consilientivh.com'),
    (9, 'Isabella', 'Powell', NULL, 2, 'isabella.powell@consilientivh.com'),
    (10, 'Benjamin', 'Russell', NULL, 2, 'benjamin.russell@consilientivh.com'),
    (11, 'Charlotte', 'Griffin', NULL, 2, 'charlotte.griffin@consilientivh.com'),
    (12, 'William', 'Hayes', NULL, 2, 'william.hayes@consilientivh.com'),
    (13, 'Amelia', 'Price', NULL, 2, 'amelia.price@consilientivh.com'),
    (14, 'Hernan', 'Marano', NULL, 2, 'hernanmarano@consilientivh.com');
GO

SET IDENTITY_INSERT [Compensation].[Employees] OFF;
GO

SET IDENTITY_INSERT [Clinical].[Providers] ON;
GO

-- Type enum: Physician=0, NursePractitioner=1
INSERT INTO [Clinical].[Providers] ([Id], [FirstName], [LastName], [TitleExtension], [Type], [Email], [EmployeeId])
VALUES
    (1, 'Emma', 'Harrison', 'MD', 0, 'emma.harrison@consilientivh.com', 1),
    (2, 'Liam', 'Turner', 'MD', 0, 'liam.turner@consilientivh.com', 2),
    (3, 'Olivia', 'Bennett', 'MD', 0, 'olivia.bennett@consilientivh.com', 3),
    (4, 'Noah', 'Foster', 'MD', 0, 'noah.foster@consilientivh.com', 4),
    (5, 'Ava', 'Graham', 'NP', 1, 'ava.graham@consilientivh.com', 5),
    (6, 'Elijah', 'Coleman', 'NP', 1, 'elijah.coleman@consilientivh.com', 6),
    (8, 'James', 'Perry', NULL, 0, 'james.perry@consilientivh.com', 8),
    (10, 'Benjamin', 'Russell', NULL, 0, 'benjamin.russell@consilientivh.com', 10);
GO

SET IDENTITY_INSERT [Clinical].[Providers] OFF;
GO

SET IDENTITY_INSERT [Clinical].[Hospitalizations] ON;
GO

INSERT INTO [Clinical].[Hospitalizations] ([ID], [PatientId], [CaseId], [FacilityId], [PsychEvaluation], [HospitalizationStatusId], [AdmissionDate], [DischargeDate])
VALUES
(1, 14, 1001, 1, 0, 1, '2025-01-30', '2025-02-07'),
(2, 14, 1002, 1, 0, 1, '2025-03-03', '2025-03-27'),
(3, 5, 1003, 1, 0, 1, '2025-01-31', '2025-02-05'),
(4, 46, 1004, 1, 0, 1, '2025-02-03', '2025-02-07'),
(5, 46, 1005, 1, 0, 1, '2025-03-03', '2025-04-30'),
(6, 47, 1006, 1, 0, 1, '2025-02-03', '2025-02-07'),
(7, 86, 1007, 1, 0, 1, '2025-02-03', '2025-02-07'),
(8, 87, 1008, 1, 0, 1, '2025-02-04', '2025-02-07'),
(9, 63, 1009, 1, 0, 1, '2025-02-05', '2025-02-07'),
(10, 2, 1010, 1, 0, 1, '2025-02-17', '2025-02-28'),
(11, 2, 1011, 1, 0, 1, '2025-05-05', '2025-05-09'),
(12, 2, 1012, 1, 0, 1, '2025-05-12', '2025-05-13'),
(13, 4, 1013, 1, 0, 1, '2025-02-17', '2025-02-21'),
(14, 19, 1014, 1, 0, 1, '2025-02-17', '2025-02-21'),
(15, 48, 1015, 1, 0, 1, '2025-02-17', '2025-05-15'),
(16, 49, 1016, 1, 0, 1, '2025-02-17', '2025-02-18'),
(17, 53, 1017, 1, 0, 1, '2025-02-17', '2025-02-18'),
(18, 57, 1018, 1, 0, 1, '2025-02-17', '2025-03-04'),
(19, 68, 1019, 1, 0, 1, '2025-02-17', '2025-02-17'),
(20, 73, 1020, 1, 0, 1, '2025-02-17', '2025-02-21'),
(21, 79, 1021, 1, 0, 1, '2025-02-17', '2025-02-17'),
(22, 85, 1022, 1, 0, 1, '2025-02-17', '2025-02-17'),
(23, 97, 1023, 1, 0, 1, '2025-02-17', '2025-05-04'),
(24, 67, 1024, 1, 0, 1, '2025-03-03', '2025-05-01'),
(25, 25, 1025, 1, 0, 1, '2025-03-04', '2025-03-09'),
(26, 82, 1026, 1, 0, 1, '2025-03-27', '2025-04-02'),
(27, 88, 1027, 1, 0, 1, '2025-03-17', '2025-05-05'),
(28, 44, 1028, 1, 0, 1, '2025-03-17', '2025-03-19'),
(29, 50, 1029, 1, 0, 1, '2025-03-18', '2025-03-18'),
(30, 61, 1030, 1, 0, 1, '2025-03-18', '2025-03-18'),
(31, 59, 1031, 1, 0, 1, '2025-04-02', '2025-04-02'),
(32, 38, 1032, 1, 0, 1, '2025-04-04', '2025-04-07'),
(33, 65, 1033, 1, 0, 1, '2025-04-18', '2025-04-24'),
(34, 16, 1034, 1, 0, 1, '2025-04-21', '2025-05-30'),
(35, 29, 1035, 1, 0, 1, '2025-04-25', '2025-05-04'),
(36, 37, 1036, 1, 0, 1, '2025-04-28', '2025-05-09'),
(37, 9, 1037, 1, 0, 1, '2025-04-29', '2025-05-04'),
(38, 22, 1038, 1, 0, 1, '2025-05-01', '2025-05-12'),
(39, 42, 1039, 1, 0, 1, '2025-04-24', '2025-05-04'),
(40, 60, 1040, 1, 0, 1, '2025-04-24', '2025-04-24'),
(41, 66, 1041, 1, 0, 1, '2025-04-24', '2025-04-25'),
(42, 99, 1042, 1, 0, 1, '2025-04-24', '2025-05-04'),
(43, 15, 1043, 1, 0, 1, '2025-04-16', '2025-04-16'),
(44, 71, 1044, 1, 0, 1, '2025-05-04', '2025-05-04'),
(45, 81, 1045, 1, 0, 1, '2025-05-03', '2025-05-29'),
(46, 11, 1046, 1, 0, 1, '2025-05-12', '2025-05-15'),
(47, 24, 1047, 1, 0, 1, '2025-05-12', '2025-05-30'),
(48, 89, 1048, 1, 0, 1, '2025-05-12', '2025-05-30'),
(49, 94, 1049, 1, 0, 1, '2025-05-13', '2025-05-22'),
(50, 51, 1050, 1, 0, 1, '2025-05-14', '2025-05-22'),
(51, 70, 1051, 1, 0, 1, '2025-05-15', '2025-05-21'),
(52, 17, 1052, 1, 0, 1, '2025-05-20', '2025-05-30'),
(53, 13, 1053, 1, 0, 1, '2025-05-21', '2025-05-30'),
(54, 93, 1054, 1, 0, 1, '2025-05-21', '2025-05-23'),
(55, 58, 1055, 1, 0, 1, '2025-05-22', '2025-05-23'),
(56, 84, 1056, 1, 0, 1, '2025-05-22', '2025-05-30'),
(57, 10, 1057, 1, 0, 1, '2025-05-24', '2025-05-26'),
(58, 20, 1058, 1, 0, 1, '2025-05-24', '2025-05-26'),
(59, 21, 1059, 1, 0, 1, '2025-05-24', '2025-05-27'),
(60, 34, 1060, 1, 0, 1, '2025-05-24', '2025-05-26'),
(61, 90, 1061, 1, 0, 1, '2025-05-24', '2025-05-26'),
(62, 98, 1062, 1, 0, 1, '2025-05-24', '2025-05-26'),
(63, 62, 1063, 1, 0, 1, '2025-05-28', '2025-05-30'),
(64, 18, 1064, 1, 0, 1, '2025-05-29', '2025-05-30');
GO

SET IDENTITY_INSERT [Clinical].[Hospitalizations] OFF;
GO

SET IDENTITY_INSERT [Clinical].[Visits] ON;
GO

INSERT INTO [Clinical].[Visits] ([ID], [DateServiced], [HospitalizationID], [IsScribeServiceOnly], [Room], [Bed])
VALUES
(23, '2025-01-30', 1, 0, '301', 'A'),
(26, '2025-01-31', 3, 0, '415', 'B'),
(27, '2025-01-31', 1, 0, '301', 'A'),
(39, '2025-02-03', 3, 0, '415', 'B'),
(40, '2025-02-03', 1, 0, '301', 'A'),
(41, '2025-02-03', 4, 0, '218', 'A'),
(42, '2025-02-03', 6, 0, '523', 'B'),
(43, '2025-02-03', 7, 0, '612', 'A'),
(63, '2025-02-04', 3, 0, '415', 'B'),
(64, '2025-02-04', 1, 0, '301', 'A'),
(65, '2025-02-04', 4, 0, '218', 'A'),
(66, '2025-02-04', 6, 0, '523', 'B'),
(67, '2025-02-04', 7, 0, '612', 'A'),
(68, '2025-02-04', 8, 0, '107', 'B'),
(87, '2025-02-05', 3, 0, '415', 'B'),
(88, '2025-02-05', 1, 0, '301', 'A'),
(89, '2025-02-05', 4, 0, '218', 'A'),
(90, '2025-02-05', 6, 0, '523', 'B'),
(91, '2025-02-05', 9, 0, '314', 'A'),
(92, '2025-02-05', 7, 0, '612', 'A'),
(93, '2025-02-05', 8, 0, '107', 'B'),
(113, '2025-02-06', 1, 0, '301', 'A'),
(114, '2025-02-06', 4, 0, '218', 'A'),
(115, '2025-02-06', 6, 0, '523', 'B'),
(116, '2025-02-06', 9, 0, '314', 'A'),
(117, '2025-02-06', 7, 0, '612', 'A'),
(118, '2025-02-06', 8, 0, '107', 'B'),
(136, '2025-02-07', 1, 0, '301', 'A'),
(137, '2025-02-07', 4, 0, '218', 'A'),
(138, '2025-02-07', 6, 0, '523', 'B'),
(139, '2025-02-07', 9, 0, '314', 'A'),
(140, '2025-02-07', 7, 0, '612', 'A'),
(141, '2025-02-07', 8, 0, '107', 'B'),
(170, '2025-02-17', 10, 0, '205', 'A'),
(171, '2025-02-17', 13, 0, '419', 'B'),
(172, '2025-02-17', 14, 0, '321', 'A'),
(173, '2025-02-17', 15, 0, '508', 'B'),
(174, '2025-02-17', 16, 0, '617', 'A'),
(175, '2025-02-17', 17, 0, '724', 'B'),
(176, '2025-02-17', 18, 0, '203', 'A'),
(177, '2025-02-17', 19, 0, '411', 'B'),
(178, '2025-02-17', 20, 0, '515', 'A'),
(179, '2025-02-17', 21, 0, '622', 'B'),
(180, '2025-02-17', 22, 0, '318', 'A'),
(181, '2025-02-17', 23, 0, '109', 'B'),
(209, '2025-02-18', 10, 0, '205', 'A'),
(210, '2025-02-18', 13, 0, '419', 'B'),
(211, '2025-02-18', 14, 0, '321', 'A'),
(212, '2025-02-18', 16, 0, '617', 'A'),
(213, '2025-02-18', 17, 0, '724', 'B'),
(214, '2025-02-18', 20, 0, '515', 'A'),
(231, '2025-02-19', 10, 0, '205', 'A'),
(232, '2025-02-19', 13, 0, '419', 'B'),
(233, '2025-02-19', 14, 0, '321', 'A'),
(234, '2025-02-19', 20, 0, '515', 'A'),
(252, '2025-02-20', 10, 0, '205', 'A'),
(253, '2025-02-20', 13, 0, '419', 'B'),
(254, '2025-02-20', 14, 0, '321', 'A'),
(255, '2025-02-20', 20, 0, '515', 'A'),
(274, '2025-02-21', 10, 0, '205', 'A'),
(275, '2025-02-21', 13, 0, '419', 'B'),
(276, '2025-02-21', 14, 0, '321', 'A'),
(277, '2025-02-21', 20, 0, '515', 'A'),
(305, '2025-02-24', 10, 0, '205', 'A'),
(309, '2025-02-25', 10, 0, '205', 'A'),
(313, '2025-02-26', 10, 0, '205', 'A'),
(317, '2025-02-27', 10, 0, '205', 'A'),
(321, '2025-02-28', 10, 0, '205', 'A'),
(329, '2025-03-03', 2, 0, '112', 'B'),
(330, '2025-03-03', 5, 0, '407', 'A'),
(331, '2025-03-03', 18, 0, '203', 'A'),
(332, '2025-03-03', 24, 0, '620', 'B'),
(353, '2025-03-04', 2, 0, '112', 'B'),
(354, '2025-03-04', 25, 0, '519', 'A'),
(355, '2025-03-04', 5, 0, '407', 'A'),
(356, '2025-03-04', 18, 0, '203', 'A'),
(357, '2025-03-04', 24, 0, '620', 'B'),
(378, '2025-03-05', 2, 0, '112', 'B'),
(379, '2025-03-05', 25, 0, '519', 'A'),
(380, '2025-03-05', 5, 0, '407', 'A'),
(381, '2025-03-05', 24, 0, '620', 'B'),
(404, '2025-03-06', 2, 0, '112', 'B'),
(405, '2025-03-06', 25, 0, '519', 'A'),
(406, '2025-03-06', 5, 0, '407', 'A'),
(407, '2025-03-06', 24, 0, '620', 'B'),
(427, '2025-03-07', 2, 0, '112', 'B'),
(428, '2025-03-07', 25, 0, '519', 'A'),
(429, '2025-03-07', 5, 0, '407', 'A'),
(430, '2025-03-07', 24, 0, '620', 'B'),
(452, '2025-03-08', 2, 0, '112', 'B'),
(453, '2025-03-08', 25, 0, '519', 'A'),
(454, '2025-03-08', 5, 0, '407', 'A'),
(476, '2025-03-09', 2, 0, '112', 'B'),
(477, '2025-03-09', 25, 0, '519', 'A'),
(478, '2025-03-09', 5, 0, '407', 'A'),
(499, '2025-03-10', 2, 0, '112', 'B'),
(507, '2025-03-11', 2, 0, '112', 'B'),
(511, '2025-03-12', 2, 0, '112', 'B'),
(515, '2025-03-13', 2, 0, '112', 'B'),
(519, '2025-03-14', 2, 0, '112', 'B'),
(524, '2025-03-17', 2, 0, '112', 'B'),
(525, '2025-03-17', 28, 0, '223', 'A'),
(526, '2025-03-17', 27, 0, '716', 'B'),
(543, '2025-03-18', 2, 0, '112', 'B'),
(544, '2025-03-18', 28, 0, '223', 'A'),
(545, '2025-03-18', 29, 0, '325', 'B'),
(546, '2025-03-18', 30, 0, '418', 'A'),
(547, '2025-03-18', 27, 0, '716', 'B'),
(569, '2025-03-19', 2, 0, '112', 'B'),
(570, '2025-03-19', 28, 0, '223', 'A'),
(571, '2025-03-19', 27, 0, '716', 'B'),
(595, '2025-03-20', 2, 0, '112', 'B'),
(596, '2025-03-20', 27, 0, '716', 'B'),
(617, '2025-03-21', 2, 0, '112', 'B'),
(618, '2025-03-21', 27, 0, '716', 'B'),
(638, '2025-03-22', 2, 0, '112', 'B'),
(639, '2025-03-22', 27, 0, '716', 'B'),
(656, '2025-03-23', 2, 0, '112', 'B'),
(657, '2025-03-23', 27, 0, '716', 'B'),
(674, '2025-03-24', 2, 0, '112', 'B'),
(675, '2025-03-24', 27, 0, '716', 'B'),
(692, '2025-03-25', 2, 0, '112', 'B'),
(693, '2025-03-25', 27, 0, '716', 'B'),
(709, '2025-03-26', 2, 0, '112', 'B'),
(710, '2025-03-26', 27, 0, '716', 'B'),
(726, '2025-03-27', 5, 0, '407', 'A'),
(727, '2025-03-27', 26, 0, '514', 'B'),
(728, '2025-03-27', 27, 0, '716', 'B'),
(765, '2025-03-28', 5, 0, '407', 'A'),
(766, '2025-03-28', 26, 0, '514', 'B'),
(767, '2025-03-28', 27, 0, '716', 'B'),
(804, '2025-03-29', 5, 0, '407', 'A'),
(805, '2025-03-29', 26, 0, '514', 'B'),
(806, '2025-03-29', 27, 0, '716', 'B'),
(830, '2025-03-30', 5, 0, '407', 'A'),
(831, '2025-03-30', 26, 0, '514', 'B'),
(832, '2025-03-30', 27, 0, '716', 'B'),
(855, '2025-03-31', 5, 0, '407', 'A'),
(856, '2025-03-31', 26, 0, '514', 'B'),
(857, '2025-03-31', 27, 0, '716', 'B'),
(896, '2025-04-01', 5, 0, '407', 'A'),
(897, '2025-04-01', 26, 0, '514', 'B'),
(898, '2025-04-01', 27, 0, '716', 'B'),
(937, '2025-04-02', 5, 0, '407', 'A'),
(938, '2025-04-02', 31, 0, '208', 'A'),
(939, '2025-04-02', 26, 0, '514', 'B'),
(940, '2025-04-02', 27, 0, '716', 'B'),
(979, '2025-04-03', 5, 0, '407', 'A'),
(980, '2025-04-03', 27, 0, '716', 'B'),
(981, '2025-04-03', 23, 0, '109', 'B'),
(1019, '2025-04-04', 32, 0, '322', 'A'),
(1020, '2025-04-04', 5, 0, '407', 'A'),
(1021, '2025-04-04', 27, 0, '716', 'B'),
(1022, '2025-04-04', 23, 0, '109', 'B'),
(1058, '2025-04-05', 32, 0, '322', 'A'),
(1059, '2025-04-05', 5, 0, '407', 'A'),
(1060, '2025-04-05', 27, 0, '716', 'B'),
(1061, '2025-04-05', 23, 0, '109', 'B'),
(1095, '2025-04-06', 32, 0, '322', 'A'),
(1096, '2025-04-06', 5, 0, '407', 'A'),
(1097, '2025-04-06', 27, 0, '716', 'B'),
(1098, '2025-04-06', 23, 0, '109', 'B'),
(1131, '2025-04-07', 32, 0, '322', 'A'),
(1132, '2025-04-07', 5, 0, '407', 'A'),
(1133, '2025-04-07', 27, 0, '716', 'B'),
(1152, '2025-04-08', 5, 0, '407', 'A'),
(1169, '2025-04-09', 5, 0, '407', 'A'),
(1185, '2025-04-10', 5, 0, '407', 'A'),
(1201, '2025-04-11', 5, 0, '407', 'A'),
(1215, '2025-04-14', 5, 0, '407', 'A'),
(1231, '2025-04-15', 5, 0, '407', 'A'),
(1244, '2025-04-16', 43, 0, '613', 'A'),
(1245, '2025-04-16', 5, 0, '407', 'A'),
(1259, '2025-04-17', 5, 0, '407', 'A'),
(1276, '2025-04-18', 5, 0, '407', 'A'),
(1277, '2025-04-18', 33, 0, '521', 'B'),
(1313, '2025-04-21', 34, 0, '115', 'A'),
(1314, '2025-04-21', 5, 0, '407', 'A'),
(1315, '2025-04-21', 15, 0, '508', 'B'),
(1316, '2025-04-21', 33, 0, '521', 'B'),
(1353, '2025-04-22', 34, 0, '115', 'A'),
(1354, '2025-04-22', 5, 0, '407', 'A'),
(1355, '2025-04-22', 15, 0, '508', 'B'),
(1356, '2025-04-22', 33, 0, '521', 'B'),
(1395, '2025-04-23', 34, 0, '115', 'A'),
(1396, '2025-04-23', 5, 0, '407', 'A'),
(1397, '2025-04-23', 15, 0, '508', 'B'),
(1398, '2025-04-23', 33, 0, '521', 'B'),
(1436, '2025-04-24', 34, 0, '115', 'A'),
(1437, '2025-04-24', 39, 0, '219', 'B'),
(1438, '2025-04-24', 5, 0, '407', 'A'),
(1439, '2025-04-24', 40, 0, '324', 'A'),
(1440, '2025-04-24', 41, 0, '412', 'B'),
(1441, '2025-04-24', 42, 0, '607', 'A'),
(1500, '2025-04-25', 34, 0, '115', 'A'),
(1501, '2025-04-25', 35, 0, '701', 'B'),
(1502, '2025-04-25', 39, 0, '219', 'B'),
(1503, '2025-04-25', 5, 0, '407', 'A'),
(1504, '2025-04-25', 41, 0, '412', 'B'),
(1505, '2025-04-25', 24, 0, '620', 'B'),
(1506, '2025-04-25', 42, 0, '607', 'A'),
(1570, '2025-04-28', 34, 0, '115', 'A'),
(1571, '2025-04-28', 35, 0, '701', 'B'),
(1572, '2025-04-28', 36, 0, '214', 'A'),
(1573, '2025-04-28', 5, 0, '407', 'A'),
(1574, '2025-04-28', 24, 0, '620', 'B'),
(1575, '2025-04-28', 23, 0, '109', 'B'),
(1641, '2025-04-29', 37, 0, '503', 'A'),
(1642, '2025-04-29', 34, 0, '115', 'A'),
(1643, '2025-04-29', 35, 0, '701', 'B'),
(1644, '2025-04-29', 36, 0, '214', 'A'),
(1645, '2025-04-29', 5, 0, '407', 'A'),
(1646, '2025-04-29', 24, 0, '620', 'B'),
(1647, '2025-04-29', 23, 0, '109', 'B'),
(1715, '2025-04-30', 37, 0, '503', 'A'),
(1716, '2025-04-30', 34, 0, '115', 'A'),
(1717, '2025-04-30', 35, 0, '701', 'B'),
(1718, '2025-04-30', 36, 0, '214', 'A'),
(1719, '2025-04-30', 5, 0, '407', 'A'),
(1720, '2025-04-30', 24, 0, '620', 'B'),
(1784, '2025-05-01', 37, 0, '503', 'A'),
(1785, '2025-05-01', 34, 0, '115', 'A'),
(1786, '2025-05-01', 38, 0, '608', 'B'),
(1787, '2025-05-01', 35, 0, '701', 'B'),
(1788, '2025-05-01', 36, 0, '214', 'A'),
(1789, '2025-05-01', 5, 0, '407', 'A'),
(1845, '2025-05-02', 37, 0, '503', 'A'),
(1846, '2025-05-02', 34, 0, '115', 'A'),
(1847, '2025-05-02', 38, 0, '608', 'B'),
(1848, '2025-05-02', 35, 0, '701', 'B'),
(1849, '2025-05-02', 36, 0, '214', 'A'),
(1850, '2025-05-02', 5, 0, '407', 'A'),
(1907, '2025-05-03', 37, 0, '503', 'A'),
(1908, '2025-05-03', 34, 0, '115', 'A'),
(1909, '2025-05-03', 35, 0, '701', 'B'),
(1910, '2025-05-03', 36, 0, '214', 'A'),
(1911, '2025-05-03', 39, 0, '219', 'B'),
(1912, '2025-05-03', 5, 0, '407', 'A'),
(1913, '2025-05-03', 45, 0, '316', 'B'),
(1914, '2025-05-03', 42, 0, '607', 'A'),
(1978, '2025-05-04', 37, 0, '503', 'A'),
(1979, '2025-05-04', 34, 0, '115', 'A'),
(1980, '2025-05-04', 35, 0, '701', 'B'),
(1981, '2025-05-04', 36, 0, '214', 'A'),
(1982, '2025-05-04', 39, 0, '219', 'B'),
(1983, '2025-05-04', 5, 0, '407', 'A'),
(1984, '2025-05-04', 44, 0, '720', 'A'),
(1985, '2025-05-04', 45, 0, '316', 'B'),
(1986, '2025-05-04', 42, 0, '607', 'A'),
(2047, '2025-05-05', 10, 0, '205', 'A'),
(2048, '2025-05-05', 37, 0, '503', 'A'),
(2049, '2025-05-05', 34, 0, '115', 'A'),
(2050, '2025-05-05', 38, 0, '608', 'B'),
(2051, '2025-05-05', 36, 0, '214', 'A'),
(2052, '2025-05-05', 5, 0, '407', 'A'),
(2088, '2025-05-06', 10, 0, '205', 'A'),
(2089, '2025-05-06', 37, 0, '503', 'A'),
(2090, '2025-05-06', 34, 0, '115', 'A'),
(2091, '2025-05-06', 38, 0, '608', 'B'),
(2092, '2025-05-06', 36, 0, '214', 'A'),
(2131, '2025-05-07', 10, 0, '205', 'A'),
(2132, '2025-05-07', 37, 0, '503', 'A'),
(2133, '2025-05-07', 34, 0, '115', 'A'),
(2134, '2025-05-07', 38, 0, '608', 'B'),
(2135, '2025-05-07', 36, 0, '214', 'A'),
(2179, '2025-05-08', 10, 0, '205', 'A'),
(2180, '2025-05-08', 37, 0, '503', 'A'),
(2181, '2025-05-08', 34, 0, '115', 'A'),
(2182, '2025-05-08', 38, 0, '608', 'B'),
(2183, '2025-05-08', 36, 0, '214', 'A'),
(2227, '2025-05-09', 10, 0, '205', 'A'),
(2228, '2025-05-09', 37, 0, '503', 'A'),
(2229, '2025-05-09', 34, 0, '115', 'A'),
(2230, '2025-05-09', 38, 0, '608', 'B'),
(2231, '2025-05-09', 36, 0, '214', 'A'),
(2269, '2025-05-12', 12, 0, '410', 'B'),
(2270, '2025-05-12', 37, 0, '503', 'A'),
(2271, '2025-05-12', 46, 0, '121', 'A'),
(2272, '2025-05-12', 38, 0, '608', 'B'),
(2273, '2025-05-12', 47, 0, '225', 'B'),
(2274, '2025-05-12', 36, 0, '214', 'A'),
(2275, '2025-05-12', 15, 0, '508', 'B'),
(2276, '2025-05-12', 48, 0, '619', 'A'),
(2313, '2025-05-13', 12, 0, '410', 'B'),
(2314, '2025-05-13', 46, 0, '121', 'A'),
(2315, '2025-05-13', 47, 0, '225', 'B'),
(2316, '2025-05-13', 15, 0, '508', 'B'),
(2317, '2025-05-13', 48, 0, '619', 'A'),
(2318, '2025-05-13', 49, 0, '711', 'B'),
(2356, '2025-05-14', 46, 0, '121', 'A'),
(2357, '2025-05-14', 47, 0, '225', 'B'),
(2358, '2025-05-14', 15, 0, '508', 'B'),
(2359, '2025-05-14', 50, 0, '304', 'A'),
(2360, '2025-05-14', 48, 0, '619', 'A'),
(2361, '2025-05-14', 49, 0, '711', 'B'),
(2397, '2025-05-15', 46, 0, '121', 'A'),
(2398, '2025-05-15', 47, 0, '225', 'B'),
(2399, '2025-05-15', 15, 0, '508', 'B'),
(2400, '2025-05-15', 50, 0, '304', 'A'),
(2401, '2025-05-15', 51, 0, '416', 'B'),
(2402, '2025-05-15', 48, 0, '619', 'A'),
(2403, '2025-05-15', 49, 0, '711', 'B'),
(2438, '2025-05-19', 47, 0, '225', 'B'),
(2439, '2025-05-19', 50, 0, '304', 'A'),
(2440, '2025-05-19', 51, 0, '416', 'B'),
(2441, '2025-05-19', 48, 0, '619', 'A'),
(2442, '2025-05-19', 49, 0, '711', 'B'),
(2477, '2025-05-20', 52, 0, '518', 'A'),
(2478, '2025-05-20', 47, 0, '225', 'B'),
(2479, '2025-05-20', 50, 0, '304', 'A'),
(2480, '2025-05-20', 51, 0, '416', 'B'),
(2481, '2025-05-20', 48, 0, '619', 'A'),
(2482, '2025-05-20', 49, 0, '711', 'B'),
(2517, '2025-05-21', 53, 0, '623', 'B'),
(2518, '2025-05-21', 52, 0, '518', 'A'),
(2519, '2025-05-21', 47, 0, '225', 'B'),
(2520, '2025-05-21', 50, 0, '304', 'A'),
(2521, '2025-05-21', 51, 0, '416', 'B'),
(2522, '2025-05-21', 48, 0, '619', 'A'),
(2523, '2025-05-21', 54, 0, '108', 'A'),
(2524, '2025-05-21', 49, 0, '711', 'B'),
(2562, '2025-05-22', 53, 0, '623', 'B'),
(2563, '2025-05-22', 52, 0, '518', 'A'),
(2564, '2025-05-22', 47, 0, '225', 'B'),
(2565, '2025-05-22', 50, 0, '304', 'A'),
(2566, '2025-05-22', 55, 0, '212', 'B'),
(2567, '2025-05-22', 56, 0, '315', 'A'),
(2568, '2025-05-22', 48, 0, '619', 'A'),
(2569, '2025-05-22', 54, 0, '108', 'A'),
(2620, '2025-05-23', 53, 0, '623', 'B'),
(2621, '2025-05-23', 52, 0, '518', 'A'),
(2622, '2025-05-23', 47, 0, '225', 'B'),
(2623, '2025-05-23', 55, 0, '212', 'B'),
(2624, '2025-05-23', 56, 0, '315', 'A'),
(2625, '2025-05-23', 48, 0, '619', 'A'),
(2626, '2025-05-23', 54, 0, '108', 'A'),
(2676, '2025-05-24', 57, 0, '421', 'B'),
(2677, '2025-05-24', 53, 0, '623', 'B'),
(2678, '2025-05-24', 52, 0, '518', 'A'),
(2679, '2025-05-24', 58, 0, '524', 'A'),
(2680, '2025-05-24', 59, 0, '614', 'B'),
(2681, '2025-05-24', 47, 0, '225', 'B'),
(2682, '2025-05-24', 60, 0, '710', 'A'),
(2683, '2025-05-24', 56, 0, '315', 'A'),
(2684, '2025-05-24', 48, 0, '619', 'A'),
(2685, '2025-05-24', 61, 0, '103', 'B'),
(2686, '2025-05-24', 62, 0, '207', 'A'),
(2739, '2025-05-25', 57, 0, '421', 'B'),
(2740, '2025-05-25', 53, 0, '623', 'B'),
(2741, '2025-05-25', 52, 0, '518', 'A'),
(2742, '2025-05-25', 58, 0, '524', 'A'),
(2743, '2025-05-25', 59, 0, '614', 'B'),
(2744, '2025-05-25', 47, 0, '225', 'B'),
(2745, '2025-05-25', 60, 0, '710', 'A'),
(2746, '2025-05-25', 56, 0, '315', 'A'),
(2747, '2025-05-25', 48, 0, '619', 'A'),
(2748, '2025-05-25', 61, 0, '103', 'B'),
(2749, '2025-05-25', 62, 0, '207', 'A'),
(2801, '2025-05-26', 57, 0, '421', 'B'),
(2802, '2025-05-26', 53, 0, '623', 'B'),
(2803, '2025-05-26', 52, 0, '518', 'A'),
(2804, '2025-05-26', 58, 0, '524', 'A'),
(2805, '2025-05-26', 59, 0, '614', 'B'),
(2806, '2025-05-26', 47, 0, '225', 'B'),
(2807, '2025-05-26', 60, 0, '710', 'A'),
(2808, '2025-05-26', 56, 0, '315', 'A'),
(2809, '2025-05-26', 48, 0, '619', 'A'),
(2810, '2025-05-26', 61, 0, '103', 'B'),
(2811, '2025-05-26', 62, 0, '207', 'A'),
(2862, '2025-05-27', 53, 0, '623', 'B'),
(2863, '2025-05-27', 52, 0, '518', 'A'),
(2864, '2025-05-27', 59, 0, '614', 'B'),
(2865, '2025-05-27', 47, 0, '225', 'B'),
(2866, '2025-05-27', 56, 0, '315', 'A'),
(2867, '2025-05-27', 48, 0, '619', 'A'),
(2901, '2025-05-28', 53, 0, '623', 'B'),
(2902, '2025-05-28', 52, 0, '518', 'A'),
(2903, '2025-05-28', 47, 0, '225', 'B'),
(2904, '2025-05-28', 63, 0, '309', 'A'),
(2905, '2025-05-28', 45, 0, '316', 'B'),
(2906, '2025-05-28', 56, 0, '315', 'A'),
(2907, '2025-05-28', 48, 0, '619', 'A'),
(2939, '2025-05-29', 53, 0, '623', 'B'),
(2940, '2025-05-29', 52, 0, '518', 'A'),
(2941, '2025-05-29', 64, 0, '413', 'B'),
(2942, '2025-05-29', 47, 0, '225', 'B'),
(2943, '2025-05-29', 63, 0, '309', 'A'),
(2944, '2025-05-29', 45, 0, '316', 'B'),
(2945, '2025-05-29', 56, 0, '315', 'A'),
(2946, '2025-05-29', 48, 0, '619', 'A'),
(2979, '2025-05-30', 53, 0, '623', 'B'),
(2980, '2025-05-30', 52, 0, '518', 'A'),
(2981, '2025-05-30', 64, 0, '413', 'B'),
(2982, '2025-05-30', 47, 0, '225', 'B'),
(2983, '2025-05-30', 63, 0, '309', 'A'),
(2984, '2025-05-30', 56, 0, '315', 'A'),
(2985, '2025-05-30', 48, 0, '619', 'A');

SET IDENTITY_INSERT [Billing].[VisitServiceBillings] ON;
GO

INSERT INTO [Billing].[VisitServiceBillings] ([Id], [VisitId], [ServiceTypeId], [BillingCodeId])
VALUES
(1, 23, 4, 1),
(2, 26, 4, 1),
(3, 27, 4, 1),
(4, 39, 4, 1),
(5, 40, 4, 1),
(6, 41, 4, 1),
(7, 42, 4, 1),
(8, 43, 4, 1),
(9, 63, 4, 1),
(10, 64, 4, 1),
(11, 65, 4, 1),
(12, 66, 4, 1),
(13, 67, 4, 1),
(14, 68, 1, 4),
(15, 87, 5, 5),
(16, 88, 4, 1),
(17, 89, 4, 1),
(18, 90, 4, 1),
(19, 91, 1, 4),
(20, 92, 4, 1),
(21, 93, 4, 1),
(22, 113, 4, 1),
(23, 114, 4, 1),
(24, 115, 4, 1),
(25, 116, 4, 1),
(26, 117, 4, 1),
(27, 118, 4, 1),
(28, 136, 4, 1),
(29, 137, 4, 1),
(30, 138, 4, 1),
(31, 139, 4, 1),
(32, 140, 4, 1),
(33, 141, 4, 1),
(34, 170, 4, 1),
(35, 171, 4, 1),
(36, 172, 4, 1),
(37, 173, 4, 1),
(38, 174, 4, 1),
(39, 175, 4, 1),
(40, 176, 5, 5),
(41, 177, 4, 1),
(42, 178, 4, 1),
(43, 179, 4, 1),
(44, 180, 4, 1),
(45, 181, 4, 1),
(46, 209, 4, 1),
(47, 210, 4, 1),
(48, 211, 4, 1),
(49, 212, 5, 5),
(50, 213, 5, 5),
(51, 214, 4, 1),
(52, 231, 4, 1),
(53, 232, 4, 1),
(54, 233, 4, 1),
(55, 234, 4, 1),
(56, 252, 4, 1),
(57, 253, 4, 1),
(58, 254, 4, 1),
(59, 255, 4, 1),
(60, 274, 4, 1),
(61, 275, 5, 5),
(62, 276, 4, 1),
(63, 277, 5, 5),
(64, 305, 4, 1),
(65, 309, 4, 1),
(66, 313, 4, 1),
(67, 317, 4, 1),
(68, 321, 4, 1),
(69, 329, 4, 1),
(70, 330, 4, 1),
(71, 331, 4, 1),
(72, 332, 4, 1),
(73, 353, 4, 1),
(74, 354, 1, 4),
(75, 355, 4, 1),
(76, 356, 4, 1),
(77, 357, 4, 1),
(78, 378, 4, 1),
(79, 379, 4, 1),
(80, 380, 4, 1),
(81, 381, 4, 1),
(82, 404, 4, 1),
(83, 405, 4, 1),
(84, 406, 4, 1),
(85, 407, 4, 1),
(86, 427, 4, 1),
(87, 428, 4, 1),
(88, 429, 4, 1),
(89, 430, 5, 5),
(90, 452, 4, 1),
(91, 453, 4, 1),
(92, 454, 4, 1),
(93, 476, 4, 1),
(94, 477, 5, 5),
(95, 478, 4, 1),
(96, 499, 4, 1),
(97, 507, 4, 1),
(98, 511, 4, 1),
(99, 515, 4, 1),
(100, 519, 4, 1),
(101, 524, 4, 1),
(102, 525, 4, 1),
(103, 526, 4, 1),
(104, 543, 4, 1),
(105, 544, 4, 1),
(106, 545, 5, 5),
(107, 546, 5, 5),
(108, 547, 4, 1),
(109, 569, 4, 1),
(110, 570, 5, 5),
(111, 571, 4, 1),
(112, 595, 4, 1),
(113, 596, 4, 1),
(114, 617, 4, 1),
(115, 618, 4, 1),
(116, 638, 4, 1),
(117, 639, 4, 1),
(118, 656, 4, 1),
(119, 657, 4, 1),
(120, 674, 4, 1),
(121, 675, 4, 1),
(122, 692, 4, 1),
(123, 693, 4, 1),
(124, 709, 5, 5),
(125, 710, 4, 1),
(126, 726, 4, 1),
(127, 727, 4, 1),
(128, 728, 4, 1),
(129, 765, 4, 1),
(130, 766, 4, 1),
(131, 767, 4, 1),
(132, 804, 4, 1),
(133, 805, 4, 1),
(134, 806, 4, 1),
(135, 830, 4, 1),
(136, 831, 4, 1),
(137, 832, 4, 1),
(138, 855, 4, 1),
(139, 856, 4, 1),
(140, 857, 4, 1),
(141, 896, 4, 1),
(142, 897, 4, 1),
(143, 898, 4, 1),
(144, 937, 4, 1),
(145, 938, 1, 4),
(146, 939, 5, 5),
(147, 940, 4, 1),
(148, 979, 4, 1),
(149, 980, 4, 1),
(150, 981, 1, 4),
(151, 1019, 1, 4),
(152, 1020, 4, 1),
(153, 1021, 4, 1),
(154, 1022, 4, 1),
(155, 1058, 4, 1),
(156, 1059, 4, 1),
(157, 1060, 4, 1),
(158, 1061, 4, 1),
(159, 1095, 4, 1),
(160, 1096, 4, 1),
(161, 1097, 4, 1),
(162, 1098, 4, 1),
(163, 1131, 5, 5),
(164, 1132, 4, 1),
(165, 1133, 5, 5),
(166, 1152, 4, 1),
(167, 1169, 4, 1),
(168, 1185, 4, 1),
(169, 1201, 4, 1),
(170, 1215, 4, 1),
(171, 1231, 4, 1),
(172, 1244, 1, 4),
(173, 1245, 4, 1),
(174, 1259, 4, 1),
(175, 1276, 4, 1),
(176, 1277, 4, 1),
(177, 1313, 4, 1),
(178, 1314, 4, 1),
(179, 1315, 4, 1),
(180, 1316, 4, 1),
(181, 1353, 4, 1),
(182, 1354, 4, 1),
(183, 1355, 4, 1),
(184, 1356, 4, 1),
(185, 1395, 4, 1),
(186, 1396, 4, 1),
(187, 1397, 4, 1),
(188, 1398, 5, 5),
(189, 1436, 4, 1),
(190, 1437, 4, 1),
(191, 1438, 4, 1),
(192, 1439, 5, 5),
(193, 1440, 4, 1),
(194, 1441, 4, 1),
(195, 1500, 4, 1),
(196, 1501, 1, 4),
(197, 1502, 4, 1),
(198, 1503, 4, 1),
(199, 1504, 5, 5),
(200, 1505, 1, 4),
(201, 1506, 4, 1),
(202, 1570, 4, 1),
(203, 1571, 4, 1),
(204, 1572, 4, 1),
(205, 1573, 4, 1),
(206, 1574, 4, 1),
(207, 1575, 4, 1),
(208, 1641, 1, 4),
(209, 1642, 4, 1),
(210, 1643, 4, 1),
(211, 1644, 4, 1),
(212, 1645, 4, 1),
(213, 1646, 4, 1),
(214, 1647, 5, 5),
(215, 1715, 4, 1),
(216, 1716, 4, 1),
(217, 1717, 4, 1),
(218, 1718, 4, 1),
(219, 1719, 4, 1),
(220, 1720, 5, 5),
(221, 1784, 4, 1),
(222, 1785, 4, 1),
(223, 1786, 1, 4),
(224, 1787, 4, 1),
(225, 1788, 4, 1),
(226, 1789, 4, 1),
(227, 1845, 4, 1),
(228, 1846, 4, 1),
(229, 1847, 4, 1),
(230, 1848, 4, 1),
(231, 1849, 4, 1),
(232, 1850, 4, 1),
(233, 1907, 4, 1),
(234, 1908, 4, 1),
(235, 1909, 4, 1),
(236, 1910, 4, 1),
(237, 1911, 4, 1),
(238, 1912, 4, 1),
(239, 1913, 4, 1),
(240, 1914, 4, 1),
(241, 1978, 4, 1),
(242, 1979, 4, 1),
(243, 1980, 5, 5),
(244, 1981, 4, 1),
(245, 1982, 4, 1),
(246, 1983, 4, 1),
(247, 1984, 1, 4),
(248, 1985, 4, 1),
(249, 1986, 4, 1),
(250, 2047, 4, 1),
(251, 2048, 4, 1),
(252, 2049, 4, 1),
(253, 2050, 4, 1),
(254, 2051, 4, 1),
(255, 2052, 5, 5),
(256, 2088, 4, 1),
(257, 2089, 4, 1),
(258, 2090, 4, 1),
(259, 2091, 4, 1),
(260, 2092, 4, 1),
(261, 2131, 4, 1),
(262, 2132, 4, 1),
(263, 2133, 4, 1),
(264, 2134, 4, 1),
(265, 2135, 4, 1),
(266, 2179, 4, 1),
(267, 2180, 4, 1),
(268, 2181, 4, 1),
(269, 2182, 4, 1),
(270, 2183, 4, 1),
(271, 2227, 4, 1),
(272, 2228, 4, 1),
(273, 2229, 4, 1),
(274, 2230, 4, 1),
(275, 2231, 4, 1),
(276, 2269, 4, 1),
(277, 2270, 5, 5),
(278, 2271, 1, 4),
(279, 2272, 5, 5),
(280, 2273, 4, 1),
(281, 2274, 5, 5),
(282, 2275, 4, 1),
(283, 2276, 4, 1),
(284, 2313, 4, 1),
(285, 2314, 4, 1),
(286, 2315, 4, 1),
(287, 2316, 4, 1),
(288, 2317, 4, 1),
(289, 2318, 1, 4),
(290, 2356, 4, 1),
(291, 2357, 4, 1),
(292, 2358, 4, 1),
(293, 2359, 1, 4),
(294, 2360, 4, 1),
(295, 2361, 4, 1),
(296, 2397, 4, 1),
(297, 2398, 4, 1),
(298, 2399, 5, 5),
(299, 2400, 4, 1),
(300, 2401, 1, 4),
(301, 2402, 4, 1),
(302, 2403, 4, 1),
(303, 2438, 4, 1),
(304, 2439, 4, 1),
(305, 2440, 4, 1),
(306, 2441, 4, 1),
(307, 2442, 4, 1),
(308, 2477, 1, 4),
(309, 2478, 4, 1),
(310, 2479, 4, 1),
(311, 2480, 4, 1),
(312, 2481, 4, 1),
(313, 2482, 4, 1),
(314, 2517, 1, 4),
(315, 2518, 4, 1),
(316, 2519, 4, 1),
(317, 2520, 4, 1),
(318, 2521, 5, 5),
(319, 2522, 4, 1),
(320, 2523, 1, 4),
(321, 2524, 5, 5),
(322, 2562, 4, 1),
(323, 2563, 4, 1),
(324, 2564, 4, 1),
(325, 2565, 5, 5),
(326, 2566, 4, 1),
(327, 2567, 1, 4),
(328, 2568, 4, 1),
(329, 2569, 4, 1),
(330, 2620, 4, 1),
(331, 2621, 4, 1),
(332, 2622, 4, 1),
(333, 2623, 4, 1),
(334, 2624, 4, 1),
(335, 2625, 4, 1),
(336, 2626, 4, 1),
(337, 2676, 4, 1),
(338, 2677, 4, 1),
(339, 2678, 4, 1),
(340, 2679, 4, 1),
(341, 2680, 1, 4),
(342, 2681, 4, 1),
(343, 2682, 4, 1),
(344, 2683, 4, 1),
(345, 2684, 4, 1),
(346, 2685, 4, 1),
(347, 2686, 4, 1),
(348, 2739, 4, 1),
(349, 2740, 4, 1),
(350, 2741, 4, 1),
(351, 2742, 4, 1),
(352, 2743, 4, 1),
(353, 2744, 4, 1),
(354, 2745, 4, 1),
(355, 2746, 4, 1),
(356, 2747, 4, 1),
(357, 2748, 4, 1),
(358, 2749, 4, 1),
(359, 2801, 5, 5),
(360, 2802, 4, 1),
(361, 2803, 4, 1),
(362, 2804, 4, 1),
(363, 2805, 4, 1),
(364, 2806, 4, 1),
(365, 2807, 4, 1),
(366, 2808, 4, 1),
(367, 2809, 4, 1),
(368, 2810, 4, 1),
(369, 2811, 4, 1),
(370, 2862, 4, 1),
(371, 2863, 4, 1),
(372, 2864, 4, 1),
(373, 2865, 4, 1),
(374, 2866, 4, 1),
(375, 2867, 4, 1),
(376, 2901, 4, 1),
(377, 2902, 4, 1),
(378, 2903, 4, 1),
(379, 2904, 1, 4),
(380, 2905, 4, 1),
(381, 2906, 4, 1),
(382, 2907, 4, 1),
(383, 2939, 4, 1),
(384, 2940, 4, 1),
(385, 2941, 1, 4),
(386, 2942, 4, 1),
(387, 2943, 4, 1),
(388, 2944, 5, 5),
(389, 2945, 4, 1),
(390, 2946, 4, 1),
(391, 2979, 4, 1),
(392, 2980, 4, 1),
(393, 2981, 4, 1),
(394, 2982, 4, 1),
(395, 2983, 4, 1),
(396, 2984, 4, 1),
(397, 2985, 4, 1);
GO

SET IDENTITY_INSERT [Billing].[VisitServiceBillings] OFF;
GO


INSERT INTO [Clinical].[VisitAttendants] ([VisitId], [ProviderId])
VALUES
(23, 1),
(26, 1),
(27, 1),
(39, 1),
(40, 1),
(41, 1),
(42, 1),
(43, 1),
(63, 1),
(64, 1),
(65, 1),
(66, 1),
(67, 1),
(68, 1),
(87, 1),
(88, 1),
(89, 1),
(90, 1),
(91, 1),
(92, 1),
(93, 1),
(113, 1),
(114, 1),
(115, 1),
(116, 1),
(117, 1),
(118, 1),
(136, 1),
(137, 1),
(138, 1),
(139, 1),
(140, 1),
(141, 1),
(170, 1),
(171, 1),
(172, 1),
(173, 1),
(174, 1),
(175, 1),
(176, 1),
(177, 1),
(178, 1),
(179, 1),
(180, 1),
(181, 1),
(209, 1),
(210, 1),
(211, 1),
(212, 1),
(213, 1),
(214, 1),
(231, 1),
(232, 1),
(233, 1),
(234, 1),
(252, 1),
(253, 1),
(254, 1),
(255, 1),
(274, 1),
(275, 1),
(276, 1),
(277, 1),
(305, 1),
(309, 1),
(313, 1),
(317, 1),
(321, 1),
(329, 1),
(330, 1),
(331, 1),
(332, 1),
(353, 1),
(354, 1),
(355, 1),
(356, 1),
(357, 1),
(378, 1),
(379, 1),
(380, 1),
(381, 1),
(404, 1),
(405, 1),
(406, 1),
(407, 1),
(427, 1),
(428, 1),
(429, 1),
(430, 1),
(452, 1),
(453, 1),
(454, 1),
(476, 1),
(477, 1),
(478, 1),
(499, 1),
(507, 1),
(511, 1),
(515, 1),
(519, 1),
(524, 1),
(525, 1),
(525, 5),
(526, 1),
(526, 5),
(543, 1),
(544, 1),
(544, 5),
(545, 1),
(546, 1),
(547, 1),
(547, 5),
(569, 1),
(570, 1),
(570, 5),
(571, 1),
(571, 5),
(595, 1),
(596, 1),
(596, 5),
(617, 1),
(618, 1),
(618, 5),
(638, 1),
(639, 1),
(656, 1),
(657, 1),
(674, 1),
(675, 1),
(675, 5),
(692, 1),
(692, 5),
(693, 1),
(693, 5),
(709, 1),
(709, 5),
(710, 1),
(710, 5),
(726, 1),
(727, 1),
(728, 1),
(728, 5),
(765, 1),
(766, 1),
(767, 1),
(804, 1),
(805, 1),
(806, 1),
(830, 1),
(831, 1),
(832, 1),
(855, 1),
(856, 1),
(856, 5),
(857, 1),
(896, 1),
(896, 5),
(897, 1),
(897, 6),
(898, 1),
(898, 5),
(937, 1),
(939, 1),
(940, 1),
(940, 5),
(979, 1),
(979, 5),
(980, 1),
(980, 5),
(1019, 1),
(1020, 1),
(1020, 5),
(1021, 1),
(1021, 5),
(1022, 1),
(1022, 6),
(1058, 1),
(1058, 6),
(1058, 10),
(1059, 1),
(1059, 10),
(1060, 1),
(1060, 10),
(1061, 1),
(1061, 6),
(1061, 10),
(1095, 1),
(1095, 6),
(1095, 10),
(1096, 1),
(1096, 10),
(1097, 1),
(1097, 10),
(1098, 1),
(1098, 6),
(1098, 10),
(1131, 1),
(1131, 5),
(1131, 10),
(1132, 1),
(1132, 5),
(1132, 10),
(1133, 1),
(1133, 10),
(1152, 1),
(1152, 5),
(1152, 10),
(1169, 1),
(1169, 5),
(1169, 10),
(1185, 1),
(1185, 5),
(1185, 10),
(1201, 1),
(1201, 5),
(1201, 10),
(1215, 1),
(1215, 5),
(1231, 1),
(1231, 5),
(1245, 1),
(1245, 5),
(1259, 1),
(1259, 5),
(1276, 1),
(1276, 5),
(1277, 1),
(1277, 6),
(1313, 1),
(1313, 10),
(1314, 1),
(1314, 10),
(1315, 1),
(1315, 10),
(1316, 1),
(1316, 6),
(1316, 10),
(1353, 1),
(1353, 10),
(1354, 1),
(1354, 10),
(1355, 1),
(1355, 10),
(1356, 1),
(1356, 6),
(1356, 10),
(1395, 1),
(1395, 5),
(1396, 1),
(1396, 5),
(1397, 1),
(1397, 6),
(1397, 10),
(1398, 1),
(1398, 10),
(1436, 3),
(1436, 5),
(1437, 1),
(1438, 3),
(1438, 5),
(1440, 1),
(1441, 1),
(1500, 3),
(1500, 5),
(1501, 1),
(1501, 8),
(1502, 1),
(1503, 3),
(1503, 5),
(1504, 1),
(1505, 3),
(1505, 8),
(1506, 1),
(1570, 1),
(1570, 5),
(1571, 1),
(1571, 6),
(1572, 1),
(1573, 1),
(1573, 5),
(1574, 1),
(1574, 5),
(1575, 1),
(1641, 1),
(1642, 1),
(1642, 5),
(1643, 1),
(1643, 6),
(1643, 10),
(1644, 1),
(1644, 6),
(1644, 10),
(1645, 1),
(1645, 5),
(1646, 1),
(1647, 1),
(1647, 8),
(1715, 1),
(1715, 5),
(1716, 1),
(1716, 5),
(1717, 1),
(1717, 6),
(1718, 1),
(1718, 6),
(1719, 1),
(1719, 5),
(1720, 1),
(1720, 8),
(1784, 1),
(1784, 5),
(1785, 1),
(1785, 5),
(1786, 1),
(1786, 8),
(1787, 1),
(1787, 6),
(1788, 1),
(1788, 6),
(1789, 1),
(1789, 5),
(1845, 3),
(1846, 3),
(1847, 1),
(1848, 1),
(1848, 6),
(1849, 1),
(1849, 6),
(1850, 3),
(1907, 3),
(1908, 3),
(1909, 1),
(1909, 6),
(1910, 1),
(1910, 6),
(1911, 2),
(1912, 3),
(1913, 2),
(1914, 2),
(1978, 3),
(1979, 3),
(1980, 1),
(1980, 6),
(1981, 1),
(1981, 6),
(1982, 2),
(1983, 3),
(1985, 2),
(1986, 2),
(2047, 1),
(2048, 1),
(2048, 5),
(2049, 1),
(2049, 5),
(2050, 1),
(2051, 1),
(2052, 1),
(2052, 5),
(2052, 8),
(2088, 1),
(2089, 1),
(2089, 5),
(2090, 1),
(2090, 5),
(2091, 1),
(2092, 1),
(2131, 1),
(2132, 1),
(2132, 5),
(2133, 1),
(2133, 5),
(2134, 1),
(2135, 1),
(2179, 1),
(2180, 1),
(2180, 5),
(2180, 10),
(2181, 1),
(2181, 5),
(2182, 1),
(2183, 1),
(2227, 3),
(2228, 1),
(2228, 5),
(2228, 10),
(2229, 1),
(2229, 5),
(2229, 10),
(2230, 3),
(2231, 3),
(2269, 1),
(2269, 6),
(2269, 10),
(2270, 1),
(2270, 8),
(2271, 1),
(2271, 8),
(2272, 1),
(2272, 5),
(2272, 8),
(2273, 1),
(2273, 5),
(2274, 1),
(2274, 8),
(2275, 1),
(2275, 6),
(2276, 1),
(2276, 5),
(2276, 8),
(2313, 1),
(2313, 6),
(2313, 10),
(2314, 1),
(2314, 6),
(2314, 10),
(2315, 1),
(2315, 5),
(2316, 1),
(2316, 6),
(2316, 10),
(2317, 1),
(2317, 5),
(2317, 8),
(2318, 1),
(2356, 1),
(2356, 6),
(2356, 10),
(2357, 1),
(2357, 5),
(2358, 1),
(2358, 6),
(2358, 10),
(2359, 1),
(2359, 8),
(2360, 1),
(2360, 5),
(2360, 8),
(2361, 1),
(2361, 5),
(2397, 1),
(2397, 6),
(2397, 10),
(2398, 1),
(2398, 5),
(2399, 1),
(2399, 10),
(2400, 1),
(2400, 5),
(2401, 1),
(2401, 8),
(2402, 1),
(2402, 5),
(2403, 1),
(2403, 5),
(2438, 1),
(2438, 5),
(2439, 1),
(2439, 5),
(2439, 8),
(2440, 1),
(2440, 6),
(2440, 10),
(2441, 1),
(2441, 5),
(2441, 8),
(2442, 1),
(2442, 5),
(2442, 8),
(2477, 1),
(2477, 8),
(2478, 1),
(2478, 5),
(2479, 1),
(2479, 5),
(2480, 1),
(2480, 6),
(2481, 1),
(2481, 5),
(2481, 8),
(2482, 1),
(2482, 5),
(2482, 8),
(2517, 1),
(2517, 8),
(2518, 1),
(2518, 5),
(2519, 1),
(2519, 5),
(2519, 8),
(2520, 1),
(2520, 5),
(2520, 8),
(2521, 1),
(2521, 10),
(2522, 1),
(2522, 5),
(2522, 8),
(2524, 1),
(2524, 10),
(2562, 3),
(2563, 1),
(2563, 5),
(2564, 1),
(2564, 5),
(2565, 1),
(2565, 8),
(2566, 1),
(2566, 6),
(2566, 10),
(2567, 1),
(2567, 8),
(2568, 1),
(2568, 5),
(2569, 1),
(2569, 6),
(2569, 10),
(2620, 3),
(2621, 1),
(2621, 5),
(2622, 1),
(2622, 5),
(2623, 1),
(2624, 1),
(2624, 5),
(2625, 1),
(2625, 5),
(2626, 1),
(2676, 2),
(2677, 3),
(2678, 1),
(2678, 5),
(2679, 2),
(2680, 1),
(2681, 1),
(2681, 5),
(2682, 2),
(2683, 1),
(2683, 5),
(2684, 1),
(2684, 5),
(2685, 2),
(2686, 2),
(2739, 2),
(2740, 3),
(2741, 1),
(2741, 5),
(2742, 2),
(2743, 1),
(2743, 5),
(2744, 1),
(2744, 5),
(2745, 2),
(2746, 1),
(2746, 5),
(2747, 1),
(2747, 5),
(2748, 2),
(2749, 2),
(2801, 1),
(2802, 3),
(2802, 8),
(2803, 1),
(2803, 5),
(2803, 10),
(2804, 1),
(2805, 1),
(2805, 5),
(2805, 10),
(2806, 1),
(2806, 5),
(2806, 10),
(2807, 1),
(2808, 1),
(2808, 5),
(2808, 10),
(2809, 1),
(2809, 5),
(2809, 10),
(2810, 1),
(2811, 1),
(2862, 3),
(2862, 8),
(2863, 1),
(2863, 5),
(2863, 10),
(2864, 1),
(2864, 5),
(2864, 10),
(2865, 1),
(2865, 5),
(2865, 10),
(2866, 1),
(2866, 5),
(2867, 1),
(2867, 5),
(2867, 10),
(2901, 1),
(2901, 8),
(2902, 1),
(2902, 5),
(2902, 10),
(2903, 1),
(2903, 5),
(2903, 10),
(2904, 1),
(2904, 8),
(2905, 1),
(2905, 5),
(2905, 10),
(2906, 1),
(2906, 5),
(2906, 10),
(2907, 1),
(2907, 5),
(2907, 10),
(2939, 1),
(2939, 8),
(2940, 1),
(2940, 5),
(2940, 10),
(2941, 1),
(2942, 1),
(2942, 5),
(2942, 10),
(2943, 1),
(2943, 8),
(2944, 1),
(2944, 5),
(2944, 10),
(2945, 1),
(2945, 5),
(2945, 10),
(2946, 1),
(2946, 5),
(2946, 10),
(2979, 1),
(2979, 8),
(2980, 1),
(2980, 5),
(2980, 10),
(2981, 1),
(2981, 8),
(2982, 1),
(2982, 5),
(2982, 10),
(2983, 1),
(2983, 8),
(2984, 1),
(2984, 5),
(2984, 10),
(2985, 1),
(2985, 5),
(2985, 10);
GO
