SET IDENTITY_INSERT [Clinical].[Facilities] ON;
GO

INSERT INTO [Clinical].[Facilities] ([FacilityID], [FacilityName], [FacilityAbbreviation])
VALUES
    (1, N'Facility 1', NULL),
    (2, N'Facility 2', NULL);
GO

SET IDENTITY_INSERT [Clinical].[Facilities] OFF;
GO

SET IDENTITY_INSERT [Clinical].[ServiceTypes] ON;
GO

INSERT INTO [Clinical].[ServiceTypes] ([ServiceTypeID], [Description], [CPTCode])
VALUES
    (1, N'Psych Evaluation', 90792),
    (2, N'Progress Note-Pending Placement', 99231),
    (3, N'Progress Note-Next Day', 99232),
    (4, N'Progress Note', 99233),
    (5, N'DC Summary', 99239);
GO

SET IDENTITY_INSERT [Clinical].[ServiceTypes] OFF;
GO

SET IDENTITY_INSERT [Clinical].[Patients] ON;
GO

INSERT INTO [Clinical].[Patients] ([PatientID], [PatientMRN], [PatientFirstName], [PatientLastName], [PatientBirthDate])
VALUES
    (1, 823104, 'Emma', 'Johnson', '1985-04-12'),
    (2, 823105, 'Liam', 'Smith', '1990-07-23'),
    (3, 823106, 'Olivia', 'Brown', '1978-11-05'),
    (4, 823107, 'Noah', 'Davis', '2002-01-30'),
    (5, 823108, 'Ava', 'Miller', '1965-09-18'),
    (6, 823109, 'Elijah', 'Wilson', '1988-03-14'),
    (7, 823110, 'Sophia', 'Moore', '1995-12-09'),
    (8, 823111, 'James', 'Taylor', '1972-06-25'),
    (9, 823112, 'Isabella', 'Anderson', '2000-08-17'),
    (10, 823113, 'Benjamin', 'Thomas', '1983-02-03'),
    (11, 823114, 'Charlotte', 'Jackson', '1991-05-22'),
    (12, 823115, 'William', 'White', '1975-10-10'),
    (13, 823116, 'Amelia', 'Harris', '1989-07-07'),
    (14, 823117, 'Lucas', 'Martin', '1993-03-19'),
    (15, 823118, 'Mia', 'Thompson', '1968-12-01'),
    (16, 823119, 'Henry', 'Garcia', '1982-06-15'),
    (17, 823120, 'Harper', 'Martinez', '1999-09-09'),
    (18, 823121, 'Alexander', 'Robinson', '1970-04-04'),
    (19, 823122, 'Evelyn', 'Clark', '1987-11-11'),
    (20, 823123, 'Michael', 'Rodriguez', '1996-08-08'),
    (21, 823124, 'Abigail', 'Lewis', '1980-02-20'),
    (22, 823125, 'Daniel', 'Lee', '1994-05-05'),
    (23, 823126, 'Ella', 'Walker', '1976-03-03'),
    (24, 823127, 'Matthew', 'Hall', '1986-07-07'),
    (25, 823128, 'Scarlett', 'Allen', '1992-01-01'),
    (26, 823129, 'Jackson', 'Young', '1981-09-09'),
    (27, 823130, 'Grace', 'Hernandez', '1979-10-10'),
    (28, 823131, 'Sebastian', 'King', '1997-04-04'),
    (29, 823132, 'Chloe', 'Wright', '1984-06-06'),
    (30, 823133, 'David', 'Lopez', '2001-02-02'),
    (31, 823134, 'Aria', 'Hill', '1969-08-08'),
    (32, 823135, 'Joseph', 'Scott', '1983-03-03'),
    (33, 823136, 'Victoria', 'Green', '1998-05-05'),
    (34, 823137, 'Samuel', 'Adams', '1977-07-07'),
    (35, 823138, 'Lily', 'Baker', '1986-12-12'),
    (36, 823139, 'Owen', 'Nelson', '1990-10-10'),
    (37, 823140, 'Zoey', 'Carter', '1985-01-01'),
    (38, 823141, 'Jack', 'Mitchell', '1973-09-09'),
    (39, 823142, 'Hannah', 'Perez', '1991-11-11'),
    (40, 823143, 'Levi', 'Roberts', '1982-02-02'),
    (41, 823144, 'Nora', 'Turner', '1996-06-06'),
    (42, 823145, 'Isaac', 'Phillips', '1974-04-04'),
    (43, 823146, 'Penelope', 'Campbell', '1988-08-08'),
    (44, 823147, 'Gabriel', 'Parker', '1993-03-03'),
    (45, 823148, 'Riley', 'Evans', '1980-05-05'),
    (46, 823149, 'Julian', 'Edwards', '1971-07-07'),
    (47, 823150, 'Layla', 'Collins', '1989-09-09'),
    (48, 823151, 'Anthony', 'Stewart', '1995-01-01'),
    (49, 823152, 'Zoey', 'Sanchez', '1984-10-10'),
    (50, 823153, 'Nathan', 'Morris', '1978-12-12'),
    (51, 823154, 'Stella', 'Rogers', '1992-02-02'),
    (52, 823155, 'Christian', 'Reed', '1987-06-06'),
    (53, 823156, 'Aurora', 'Cook', '1975-03-03'),
    (54, 823157, 'Hunter', 'Morgan', '1999-05-05'),
    (55, 823158, 'Lucy', 'Bell', '1981-07-07'),
    (56, 823159, 'Aaron', 'Murphy', '1994-09-09'),
    (57, 823160, 'Paisley', 'Bailey', '1976-11-11'),
    (58, 823161, 'Charles', 'Rivera', '1983-01-01'),
    (59, 823162, 'Ellie', 'Cooper', '1997-10-10'),
    (60, 823163, 'Isaiah', 'Richardson', '1980-12-12'),
    (61, 823164, 'Hazel', 'Cox', '1990-02-02'),
    (62, 823165, 'Andrew', 'Howard', '1972-06-06'),
    (63, 823166, 'Violet', 'Ward', '1986-04-04'),
    (64, 823167, 'Thomas', 'Torres', '1998-08-08'),
    (65, 823168, 'Brooklyn', 'Peterson', '1979-03-03'),
    (66, 823169, 'Eli', 'Gray', '1985-05-05'),
    (67, 823170, 'Claire', 'Ramirez', '1993-07-07'),
    (68, 823171, 'Adam', 'James', '1970-09-09'),
    (69, 823172, 'Audrey', 'Watson', '1982-11-11'),
    (70, 823173, 'Jonathan', 'Brooks', '1996-01-01'),
    (71, 823174, 'Savannah', 'Kelly', '1984-10-10'),
    (72, 823175, 'Christopher', 'Sanders', '1977-12-12'),
    (73, 823176, 'Anna', 'Price', '1991-02-02'),
    (74, 823177, 'Lincoln', 'Bennett', '1989-06-06'),
    (75, 823178, 'Aubrey', 'Wood', '1974-04-04'),
    (76, 823179, 'Grayson', 'Barnes', '1995-08-08'),
    (77, 823180, 'Zoey', 'Ross', '1983-03-03'),
    (78, 823181, 'Ryan', 'Henderson', '1971-05-05'),
    (79, 823182, 'Bella', 'Coleman', '1987-07-07'),
    (80, 823183, 'Jaxon', 'Jenkins', '1999-09-09'),
    (81, 823184, 'Camila', 'Perry', '1981-11-11'),
    (82, 823185, 'Nathaniel', 'Powell', '1976-01-01'),
    (83, 823186, 'Madelyn', 'Long', '1992-10-10'),
    (84, 823187, 'Easton', 'Patterson', '1980-12-12'),
    (85, 823188, 'Alice', 'Hughes', '1990-02-02'),
    (86, 823189, 'Connor', 'Flores', '1973-06-06'),
    (87, 823190, 'Ruby', 'Washington', '1986-04-04'),
    (88, 823191, 'Eleanor', 'West', '1994-08-08'),
    (89, 823192, 'Miles', 'Jordan', '1982-03-03'),
    (90, 823193, 'Anna', 'Foster', '1975-05-05'),
    (91, 823194, 'Jason', 'Hunter', '1987-07-07'),
    (92, 823195, 'Luna', 'Dean', '1999-09-09'),
    (93, 823196, 'Caleb', 'Austin', '1981-11-11'),
    (94, 823197, 'Aaliyah', 'Spencer', '1976-01-01'),
    (95, 823198, 'Ezekiel', 'McCoy', '1992-10-10'),
    (96, 823199, 'Sadie', 'Ray', '1980-12-12'),
    (97, 823200, 'Asher', 'Gibson', '1990-02-02'),
    (98, 823201, 'Caroline', 'Ford', '1973-06-06'),
    (99, 823202, 'Roman', 'Hamilton', '1986-04-04'),
    (100, 823203, 'Zoe', 'Hughes', '1993-10-11');
GO


SET IDENTITY_INSERT [Clinical].[Patients] OFF;
GO

SET IDENTITY_INSERT [Compensation].[Employees] ON;
GO

INSERT INTO [Compensation].[Employees] ([EmployeeID], [FirstName], [LastName], [TitleExtension], [IsProvider], [Role], [IsAdministrator], [Email], [CanApproveVisits])
VALUES
    (1, 'Emma', 'Harrison', 'MD', 1, 'Physician', 0, NULL, 0),
    (2, 'Liam', 'Turner', 'MD', 1, 'Physician', 0, NULL, 0),
    (3, 'Olivia', 'Bennett', 'MD', 1, 'Physician', 0, NULL, 0),
    (4, 'Noah', 'Foster', 'MD', 1, 'Physician', 0, NULL, 0),
    (5, 'Ava', 'Graham', 'NP', 1, 'Nurse Practitioner', 0, NULL, 0),
    (6, 'Elijah', 'Coleman', 'NP', 1, 'Nurse Practitioner', 0, NULL, 0),
    (7, 'Sophia', 'Reed', NULL, 0, 'Scribe', 0, NULL, 0),
    (8, 'James', 'Perry', NULL, 0, 'Scribe', 0, NULL, 0),
    (9, 'Isabella', 'Powell', NULL, 0, 'Scribe', 0, NULL, 0),
    (10, 'Benjamin', 'Russell', NULL, 0, 'Scribe', 0, NULL, 0),
    (11, 'Charlotte', 'Griffin', NULL, 0, 'Scribe', 0, NULL, 0),
    (12, 'William', 'Hayes', NULL, 0, 'IT', 1, NULL, 0),
    (13, 'Amelia', 'Price', NULL, 0, 'Admin', 1, NULL, 0),
	(14, 'Hernan', 'Marano', NULL, 0, 'Admin', 1, 'hernanmarano@consilientivh.com', 0);
GO

SET IDENTITY_INSERT [Compensation].[Employees] OFF;
GO

SET IDENTITY_INSERT [Clinical].[Hospitalizations] ON;
GO

INSERT INTO [Clinical].[Hospitalizations] ([ID], [PatientId], [CaseId], [FacilityId], [AdmissionDate], [DischargeDate])
VALUES
(1, 14, 1001, 1, '2025-01-30', '2025-02-07'),
(2, 14, 1002, 1, '2025-03-03', '2025-03-27'),
(3, 5, 1003, 1, '2025-01-31', '2025-02-05'),
(4, 46, 1004, 1, '2025-02-03', '2025-02-07'),
(5, 46, 1005, 1, '2025-03-03', '2025-04-30'),
(6, 47, 1006, 1, '2025-02-03', '2025-02-07'),
(7, 86, 1007, 1, '2025-02-03', '2025-02-07'),
(8, 87, 1008, 1, '2025-02-04', '2025-02-07'),
(9, 63, 1009, 1, '2025-02-05', '2025-02-07'),
(10, 2, 1010, 1, '2025-02-17', '2025-02-28'),
(11, 2, 1011, 1, '2025-05-05', '2025-05-09'),
(12, 2, 1012, 1, '2025-05-12', '2025-05-13'),
(13, 4, 1013, 1, '2025-02-17', '2025-02-21'),
(14, 19, 1014, 1, '2025-02-17', '2025-02-21'),
(15, 48, 1015, 1, '2025-02-17', '2025-05-15'),
(16, 49, 1016, 1, '2025-02-17', '2025-02-18'),
(17, 53, 1017, 1, '2025-02-17', '2025-02-18'),
(18, 57, 1018, 1, '2025-02-17', '2025-03-04'),
(19, 68, 1019, 1, '2025-02-17', '2025-02-17'),
(20, 73, 1020, 1, '2025-02-17', '2025-02-21'),
(21, 79, 1021, 1, '2025-02-17', '2025-02-17'),
(22, 85, 1022, 1, '2025-02-17', '2025-02-17'),
(23, 97, 1023, 1, '2025-02-17', '2025-05-04'),
(24, 67, 1024, 1, '2025-03-03', '2025-05-01'),
(25, 25, 1025, 1, '2025-03-04', '2025-03-09'),
(26, 82, 1026, 1, '2025-03-27', '2025-04-02'),
(27, 88, 1027, 1, '2025-03-17', '2025-05-05'),
(28, 44, 1028, 1, '2025-03-17', '2025-03-19'),
(29, 50, 1029, 1, '2025-03-18', '2025-03-18'),
(30, 61, 1030, 1, '2025-03-18', '2025-03-18'),
(31, 59, 1031, 1, '2025-04-02', '2025-04-02'),
(32, 38, 1032, 1, '2025-04-04', '2025-04-07'),
(33, 65, 1033, 1, '2025-04-18', '2025-04-24'),
(34, 16, 1034, 1, '2025-04-21', '2025-05-30'),
(35, 29, 1035, 1, '2025-04-25', '2025-05-04'),
(36, 37, 1036, 1, '2025-04-28', '2025-05-09'),
(37, 9, 1037, 1, '2025-04-29', '2025-05-04'),
(38, 22, 1038, 1, '2025-05-01', '2025-05-12'),
(39, 42, 1039, 1, '2025-04-24', '2025-05-04'),
(40, 60, 1040, 1, '2025-04-24', '2025-04-24'),
(41, 66, 1041, 1, '2025-04-24', '2025-04-25'),
(42, 99, 1042, 1, '2025-04-24', '2025-05-04'),
(43, 15, 1043, 1, '2025-04-16', '2025-04-16'),
(44, 71, 1044, 1, '2025-05-04', '2025-05-04'),
(45, 81, 1045, 1, '2025-05-03', '2025-05-29'),
(46, 11, 1046, 1, '2025-05-12', '2025-05-15'),
(47, 24, 1047, 1, '2025-05-12', '2025-05-30'),
(48, 89, 1048, 1, '2025-05-12', '2025-05-30'),
(49, 94, 1049, 1, '2025-05-13', '2025-05-22'),
(50, 51, 1050, 1, '2025-05-14', '2025-05-22'),
(51, 70, 1051, 1, '2025-05-15', '2025-05-21'),
(52, 17, 1052, 1, '2025-05-20', '2025-05-30'),
(53, 13, 1053, 1, '2025-05-21', '2025-05-30'),
(54, 93, 1054, 1, '2025-05-21', '2025-05-23'),
(55, 58, 1055, 1, '2025-05-22', '2025-05-23'),
(56, 84, 1056, 1, '2025-05-22', '2025-05-30'),
(57, 10, 1057, 1, '2025-05-24', '2025-05-26'),
(58, 20, 1058, 1, '2025-05-24', '2025-05-26'),
(59, 21, 1059, 1, '2025-05-24', '2025-05-27'),
(60, 34, 1060, 1, '2025-05-24', '2025-05-26'),
(61, 90, 1061, 1, '2025-05-24', '2025-05-26'),
(62, 98, 1062, 1, '2025-05-24', '2025-05-26'),
(63, 62, 1063, 1, '2025-05-28', '2025-05-30'),
(64, 18, 1064, 1, '2025-05-29', '2025-05-30');
GO

SET IDENTITY_INSERT [Clinical].[Hospitalizations] OFF;
GO

SET IDENTITY_INSERT [Clinical].[PatientVisits] ON;
GO

INSERT INTO [Clinical].[PatientVisits] ([PatientVisitID], [DateServiced], [HospitalizationID], [InsuranceID], [ServiceTypeID], [PhysicianEmployeeID], [NursePractitionerEmployeeID], [ScribeEmployeeID], [CosigningPhysicianEmployeeID], [IsScribeServiceOnly])
VALUES
(23, '2025-01-30', 1, NULL, 4, 1, NULL, NULL, NULL, 0),
(26, '2025-01-31', 3, NULL, 4, 1, NULL, NULL, NULL, 0),
(27, '2025-01-31', 1, NULL, 4, 1, NULL, NULL, NULL, 0),
(39, '2025-02-03', 3, NULL, 4, 1, NULL, NULL, NULL, 0),
(40, '2025-02-03', 1, NULL, 4, 1, NULL, NULL, NULL, 0),
(41, '2025-02-03', 4, NULL, 4, 1, NULL, NULL, NULL, 0),
(42, '2025-02-03', 6, NULL, 4, 1, NULL, NULL, NULL, 0),
(43, '2025-02-03', 7, NULL, 4, 1, NULL, NULL, NULL, 0),
(63, '2025-02-04', 3, NULL, 4, 1, NULL, NULL, NULL, 0),
(64, '2025-02-04', 1, NULL, 4, 1, NULL, NULL, NULL, 0),
(65, '2025-02-04', 4, NULL, 4, 1, NULL, NULL, NULL, 0),
(66, '2025-02-04', 6, NULL, 4, 1, NULL, NULL, NULL, 0),
(67, '2025-02-04', 7, NULL, 4, 1, NULL, NULL, NULL, 0),
(68, '2025-02-04', 8, NULL, 1, 1, NULL, NULL, NULL, 0),
(87, '2025-02-05', 3, NULL, 5, 1, NULL, NULL, NULL, 0),
(88, '2025-02-05', 1, NULL, 4, 1, NULL, NULL, NULL, 0),
(89, '2025-02-05', 4, NULL, 4, 1, NULL, NULL, NULL, 0),
(90, '2025-02-05', 6, NULL, 4, 1, NULL, NULL, NULL, 0),
(91, '2025-02-05', 9, NULL, 1, 1, NULL, NULL, NULL, 0),
(92, '2025-02-05', 7, NULL, 4, 1, NULL, NULL, NULL, 0),
(93, '2025-02-05', 8, NULL, 4, 1, NULL, NULL, NULL, 0),
(113, '2025-02-06', 1, NULL, 4, 1, NULL, NULL, NULL, 0),
(114, '2025-02-06', 4, NULL, 4, 1, NULL, NULL, NULL, 0),
(115, '2025-02-06', 6, NULL, 4, 1, NULL, NULL, NULL, 0),
(116, '2025-02-06', 9, NULL, 4, 1, NULL, NULL, NULL, 0),
(117, '2025-02-06', 7, NULL, 4, 1, NULL, NULL, NULL, 0),
(118, '2025-02-06', 8, NULL, 4, 1, NULL, NULL, NULL, 0),
(136, '2025-02-07', 1, NULL, 4, 1, NULL, NULL, NULL, 0),
(137, '2025-02-07', 4, NULL, 4, 1, NULL, NULL, NULL, 0),
(138, '2025-02-07', 6, NULL, 4, 1, NULL, NULL, NULL, 0),
(139, '2025-02-07', 9, NULL, 4, 1, NULL, NULL, NULL, 0),
(140, '2025-02-07', 7, NULL, 4, 1, NULL, NULL, NULL, 0),
(141, '2025-02-07', 8, NULL, 4, 1, NULL, NULL, NULL, 0),
(170, '2025-02-17', 10, NULL, 4, 1, NULL, NULL, NULL, 0),
(171, '2025-02-17', 13, NULL, 4, 1, NULL, NULL, NULL, 0),
(172, '2025-02-17', 14, NULL, 4, 1, NULL, NULL, NULL, 0),
(173, '2025-02-17', 15, NULL, 4, 1, NULL, NULL, NULL, 0),
(174, '2025-02-17', 16, NULL, 4, 1, NULL, NULL, NULL, 0),
(175, '2025-02-17', 17, NULL, 4, 1, NULL, NULL, NULL, 0),
(176, '2025-02-17', 18, NULL, 5, 1, NULL, NULL, NULL, 0),
(177, '2025-02-17', 19, NULL, 4, 1, NULL, NULL, NULL, 0),
(178, '2025-02-17', 20, NULL, 4, 1, NULL, NULL, NULL, 0),
(179, '2025-02-17', 21, NULL, 4, 1, NULL, NULL, NULL, 0),
(180, '2025-02-17', 22, NULL, 4, 1, NULL, NULL, NULL, 0),
(181, '2025-02-17', 23, NULL, 4, 1, NULL, NULL, NULL, 0),
(209, '2025-02-18', 10, NULL, 4, 1, NULL, NULL, NULL, 0),
(210, '2025-02-18', 13, NULL, 4, 1, NULL, NULL, NULL, 0),
(211, '2025-02-18', 14, NULL, 4, 1, NULL, NULL, NULL, 0),
(212, '2025-02-18', 16, NULL, 5, 1, NULL, NULL, NULL, 0),
(213, '2025-02-18', 17, NULL, 5, 1, NULL, NULL, NULL, 0),
(214, '2025-02-18', 20, NULL, 4, 1, NULL, NULL, NULL, 0),
(231, '2025-02-19', 10, NULL, 4, 1, NULL, NULL, NULL, 0),
(232, '2025-02-19', 13, NULL, 4, 1, NULL, NULL, NULL, 0),
(233, '2025-02-19', 14, NULL, 4, 1, NULL, NULL, NULL, 0),
(234, '2025-02-19', 20, NULL, 4, 1, NULL, NULL, NULL, 0),
(252, '2025-02-20', 10, NULL, 4, 1, NULL, NULL, NULL, 0),
(253, '2025-02-20', 13, NULL, 4, 1, NULL, NULL, NULL, 0),
(254, '2025-02-20', 14, NULL, 4, 1, NULL, NULL, NULL, 0),
(255, '2025-02-20', 20, NULL, 4, 1, NULL, NULL, NULL, 0),
(274, '2025-02-21', 10, NULL, 4, 1, NULL, NULL, NULL, 0),
(275, '2025-02-21', 13, NULL, 5, 1, NULL, NULL, NULL, 0),
(276, '2025-02-21', 14, NULL, 4, 1, NULL, NULL, NULL, 0),
(277, '2025-02-21', 20, NULL, 5, 1, NULL, NULL, NULL, 0),
(305, '2025-02-24', 10, NULL, 4, 1, NULL, NULL, NULL, 0),
(309, '2025-02-25', 10, NULL, 4, 1, NULL, NULL, NULL, 0),
(313, '2025-02-26', 10, NULL, 4, 1, NULL, NULL, NULL, 0),
(317, '2025-02-27', 10, NULL, 4, 1, NULL, NULL, NULL, 0),
(321, '2025-02-28', 10, NULL, 4, 1, NULL, NULL, NULL, 0),
(329, '2025-03-03', 2, NULL, 4, 1, NULL, NULL, NULL, 0),
(330, '2025-03-03', 5, NULL, 4, 1, NULL, NULL, NULL, 0),
(331, '2025-03-03', 18, NULL, 4, 1, NULL, NULL, NULL, 0),
(332, '2025-03-03', 24, NULL, 4, 1, NULL, NULL, NULL, 0),
(353, '2025-03-04', 2, NULL, 4, 1, NULL, NULL, NULL, 0),
(354, '2025-03-04', 25, NULL, 1, 1, NULL, NULL, NULL, 0),
(355, '2025-03-04', 5, NULL, 4, 1, NULL, NULL, NULL, 0),
(356, '2025-03-04', 18, NULL, 4, 1, NULL, NULL, NULL, 0),
(357, '2025-03-04', 24, NULL, 4, 1, NULL, NULL, NULL, 0),
(378, '2025-03-05', 2, NULL, 4, 1, NULL, NULL, NULL, 0),
(379, '2025-03-05', 25, NULL, 4, 1, NULL, NULL, NULL, 0),
(380, '2025-03-05', 5, NULL, 4, 1, NULL, NULL, NULL, 0),
(381, '2025-03-05', 24, NULL, 4, 1, NULL, NULL, NULL, 0),
(404, '2025-03-06', 2, NULL, 4, 1, NULL, NULL, NULL, 0),
(405, '2025-03-06', 25, NULL, 4, 1, NULL, NULL, NULL, 0),
(406, '2025-03-06', 5, NULL, 4, 1, NULL, NULL, NULL, 0),
(407, '2025-03-06', 24, NULL, 4, 1, NULL, NULL, NULL, 0),
(427, '2025-03-07', 2, NULL, 4, 1, NULL, NULL, NULL, 0),
(428, '2025-03-07', 25, NULL, 4, 1, NULL, NULL, NULL, 0),
(429, '2025-03-07', 5, NULL, 4, 1, NULL, NULL, NULL, 0),
(430, '2025-03-07', 24, NULL, 5, 1, NULL, NULL, NULL, 0),
(452, '2025-03-08', 2, NULL, 4, 1, NULL, NULL, NULL, 0),
(453, '2025-03-08', 25, NULL, 4, 1, NULL, NULL, NULL, 0),
(454, '2025-03-08', 5, NULL, 4, 1, NULL, NULL, NULL, 0),
(476, '2025-03-09', 2, NULL, 4, 1, NULL, NULL, NULL, 0),
(477, '2025-03-09', 25, NULL, 5, 1, NULL, NULL, NULL, 0),
(478, '2025-03-09', 5, NULL, 4, 1, NULL, NULL, NULL, 0),
(499, '2025-03-10', 2, NULL, 4, 1, NULL, NULL, NULL, 0),
(507, '2025-03-11', 2, NULL, 4, 1, NULL, NULL, NULL, 0),
(511, '2025-03-12', 2, NULL, 4, 1, NULL, NULL, NULL, 0),
(515, '2025-03-13', 2, NULL, 4, 1, NULL, NULL, NULL, 0),
(519, '2025-03-14', 2, NULL, 4, 1, NULL, NULL, NULL, 0),
(524, '2025-03-17', 2, NULL, 4, 1, NULL, NULL, NULL, 0),
(525, '2025-03-17', 28, NULL, 4, 1, NULL, 5, NULL, 0),
(526, '2025-03-17', 27, NULL, 4, 1, NULL, 5, NULL, 0),
(543, '2025-03-18', 2, NULL, 4, 1, NULL, NULL, NULL, 0),
(544, '2025-03-18', 28, NULL, 4, 1, NULL, 5, NULL, 0),
(545, '2025-03-18', 29, NULL, 5, 1, NULL, NULL, NULL, 0),
(546, '2025-03-18', 30, NULL, 5, 1, NULL, NULL, NULL, 0),
(547, '2025-03-18', 27, NULL, 4, 1, NULL, 5, NULL, 0),
(569, '2025-03-19', 2, NULL, 4, 1, NULL, NULL, NULL, 0),
(570, '2025-03-19', 28, NULL, 5, 1, NULL, 5, NULL, 0),
(571, '2025-03-19', 27, NULL, 4, 1, NULL, 5, NULL, 0),
(595, '2025-03-20', 2, NULL, 4, 1, NULL, NULL, NULL, 0),
(596, '2025-03-20', 27, NULL, 4, 1, NULL, 5, NULL, 0),
(617, '2025-03-21', 2, NULL, 4, 1, NULL, NULL, NULL, 0),
(618, '2025-03-21', 27, NULL, 4, 1, NULL, 5, NULL, 0),
(638, '2025-03-22', 2, NULL, 4, 1, NULL, NULL, NULL, 0),
(639, '2025-03-22', 27, NULL, 4, 1, NULL, NULL, NULL, 0),
(656, '2025-03-23', 2, NULL, 4, 1, NULL, NULL, NULL, 0),
(657, '2025-03-23', 27, NULL, 4, 1, NULL, NULL, NULL, 0),
(674, '2025-03-24', 2, NULL, 4, 1, NULL, NULL, NULL, 0),
(675, '2025-03-24', 27, NULL, 4, 1, NULL, 5, NULL, 0),
(692, '2025-03-25', 2, NULL, 4, 1, NULL, 5, NULL, 0),
(693, '2025-03-25', 27, NULL, 4, 1, NULL, 5, NULL, 0),
(709, '2025-03-26', 2, NULL, 5, 1, NULL, 5, NULL, 0),
(710, '2025-03-26', 27, NULL, 4, 1, NULL, 5, NULL, 0),
(726, '2025-03-27', 5, NULL, 4, 1, NULL, NULL, NULL, 0),
(727, '2025-03-27', 26, NULL, 4, 1, NULL, NULL, NULL, 0),
(728, '2025-03-27', 27, NULL, 4, 1, NULL, 5, NULL, 0),
(765, '2025-03-28', 5, NULL, 4, 1, NULL, NULL, NULL, 0),
(766, '2025-03-28', 26, NULL, 4, 1, NULL, NULL, NULL, 0),
(767, '2025-03-28', 27, NULL, 4, 1, NULL, NULL, NULL, 0),
(804, '2025-03-29', 5, NULL, 4, 1, NULL, NULL, NULL, 0),
(805, '2025-03-29', 26, NULL, 4, 1, NULL, NULL, NULL, 0),
(806, '2025-03-29', 27, NULL, 4, 1, NULL, NULL, NULL, 0),
(830, '2025-03-30', 5, NULL, 4, 1, NULL, NULL, NULL, 0),
(831, '2025-03-30', 26, NULL, 4, 1, NULL, NULL, NULL, 0),
(832, '2025-03-30', 27, NULL, 4, 1, NULL, NULL, NULL, 0),
(855, '2025-03-31', 5, NULL, 4, 1, NULL, NULL, NULL, 0),
(856, '2025-03-31', 26, NULL, 4, 1, NULL, 5, NULL, 0),
(857, '2025-03-31', 27, NULL, 4, 1, NULL, NULL, NULL, 0),
(896, '2025-04-01', 5, NULL, 4, 1, NULL, 5, NULL, 0),
(897, '2025-04-01', 26, NULL, 4, 1, NULL, 6, NULL, 0),
(898, '2025-04-01', 27, NULL, 4, 1, NULL, 5, NULL, 0),
(937, '2025-04-02', 5, NULL, 4, 1, NULL, 5, NULL, 0),
(938, '2025-04-02', 31, NULL, 1, 1, NULL, NULL, NULL, 0),
(939, '2025-04-02', 26, NULL, 5, 1, NULL, NULL, NULL, 0),
(940, '2025-04-02', 27, NULL, 4, 1, NULL, 5, NULL, 0),
(979, '2025-04-03', 5, NULL, 4, 1, NULL, 5, NULL, 0),
(980, '2025-04-03', 27, NULL, 4, 1, NULL, 5, NULL, 0),
(981, '2025-04-03', 23, NULL, 1, 1, NULL, NULL, NULL, 0),
(1019, '2025-04-04', 32, NULL, 1, 1, NULL, NULL, NULL, 0),
(1020, '2025-04-04', 5, NULL, 4, 1, NULL, 5, NULL, 0),
(1021, '2025-04-04', 27, NULL, 4, 1, NULL, 5, NULL, 0),
(1022, '2025-04-04', 23, NULL, 4, 1, NULL, 6, NULL, 0),
(1058, '2025-04-05', 32, NULL, 4, 1, NULL, 6, 10, 0),
(1059, '2025-04-05', 5, NULL, 4, 1, NULL, NULL, 10, 0),
(1060, '2025-04-05', 27, NULL, 4, 1, NULL, NULL, 10, 0),
(1061, '2025-04-05', 23, NULL, 4, 1, NULL, 6, 10, 0),
(1095, '2025-04-06', 32, NULL, 4, 1, NULL, 6, 10, 0),
(1096, '2025-04-06', 5, NULL, 4, 1, NULL, NULL, 10, 0),
(1097, '2025-04-06', 27, NULL, 4, 1, NULL, NULL, 10, 0),
(1098, '2025-04-06', 23, NULL, 4, 1, NULL, 6, 10, 0),
(1131, '2025-04-07', 32, NULL, 5, 1, NULL, 5, 10, 0),
(1132, '2025-04-07', 5, NULL, 4, 1, NULL, 5, 10, 0),
(1133, '2025-04-07', 27, NULL, 5, 1, NULL, NULL, 10, 0),
(1152, '2025-04-08', 5, NULL, 4, 1, NULL, 5, 10, 0),
(1169, '2025-04-09', 5, NULL, 4, 1, NULL, 5, 10, 0),
(1185, '2025-04-10', 5, NULL, 4, 1, NULL, 5, 10, 0),
(1201, '2025-04-11', 5, NULL, 4, 1, NULL, 5, 10, 0),
(1215, '2025-04-14', 5, NULL, 4, 1, NULL, 5, NULL, 0),
(1231, '2025-04-15', 5, NULL, 4, 1, NULL, 5, NULL, 0),
(1244, '2025-04-16', 43, NULL, 1, 1, NULL, NULL, NULL, 0),
(1245, '2025-04-16', 5, NULL, 4, 1, NULL, 5, NULL, 0),
(1259, '2025-04-17', 5, NULL, 4, 1, NULL, 5, NULL, 0),
(1276, '2025-04-18', 5, NULL, 4, 1, NULL, 5, NULL, 0),
(1277, '2025-04-18', 33, NULL, 4, 1, NULL, 6, NULL, 0),
(1313, '2025-04-21', 34, NULL, 4, 1, NULL, NULL, 10, 0),
(1314, '2025-04-21', 5, NULL, 4, 1, NULL, NULL, 10, 0),
(1315, '2025-04-21', 15, NULL, 4, 1, NULL, NULL, 10, 0),
(1316, '2025-04-21', 33, NULL, 4, 1, NULL, 6, 10, 0),
(1353, '2025-04-22', 34, NULL, 4, 1, NULL, NULL, 10, 0),
(1354, '2025-04-22', 5, NULL, 4, 1, NULL, NULL, 10, 0),
(1355, '2025-04-22', 15, NULL, 4, 1, NULL, NULL, 10, 0),
(1356, '2025-04-22', 33, NULL, 4, 1, NULL, 6, 10, 0),
(1395, '2025-04-23', 34, NULL, 4, 1, NULL, 5, NULL, 0),
(1396, '2025-04-23', 5, NULL, 4, 1, NULL, 5, NULL, 0),
(1397, '2025-04-23', 15, NULL, 4, 1, NULL, 6, 10, 0),
(1398, '2025-04-23', 33, NULL, 5, 1, NULL, NULL, 10, 0),
(1436, '2025-04-24', 34, NULL, 4, 3, NULL, 5, NULL, 0),
(1437, '2025-04-24', 39, NULL, 4, 1, NULL, NULL, NULL, 0),
(1438, '2025-04-24', 5, NULL, 4, 3, NULL, 5, NULL, 0),
(1439, '2025-04-24', 40, NULL, 5, 1, NULL, NULL, NULL, 0),
(1440, '2025-04-24', 41, NULL, 4, 1, NULL, NULL, NULL, 0),
(1441, '2025-04-24', 42, NULL, 4, 1, NULL, NULL, NULL, 0),
(1500, '2025-04-25', 34, NULL, 4, 3, NULL, 5, NULL, 0),
(1501, '2025-04-25', 35, NULL, 1, 1, NULL, NULL, 8, 0),
(1502, '2025-04-25', 39, NULL, 4, 1, NULL, NULL, NULL, 0),
(1503, '2025-04-25', 5, NULL, 4, 3, NULL, 5, NULL, 0),
(1504, '2025-04-25', 41, NULL, 5, 1, NULL, NULL, NULL, 0),
(1505, '2025-04-25', 24, NULL, 1, 3, NULL, NULL, 8, 0),
(1506, '2025-04-25', 42, NULL, 4, 1, NULL, NULL, NULL, 0),
(1570, '2025-04-28', 34, NULL, 4, 1, NULL, 5, NULL, 0),
(1571, '2025-04-28', 35, NULL, 4, 1, NULL, 6, NULL, 0),
(1572, '2025-04-28', 36, NULL, 4, 1, NULL, NULL, NULL, 0),
(1573, '2025-04-28', 5, NULL, 4, 1, NULL, 5, NULL, 0),
(1574, '2025-04-28', 24, NULL, 4, 1, NULL, 5, NULL, 0),
(1575, '2025-04-28', 23, NULL, 4, 1, NULL, NULL, NULL, 0),
(1641, '2025-04-29', 37, NULL, 1, 1, NULL, NULL, NULL, 0),
(1642, '2025-04-29', 34, NULL, 4, 1, NULL, 5, NULL, 0),
(1643, '2025-04-29', 35, NULL, 4, 1, NULL, 6, 10, 0),
(1644, '2025-04-29', 36, NULL, 4, 1, NULL, 6, 10, 0),
(1645, '2025-04-29', 5, NULL, 4, 1, NULL, 5, NULL, 0),
(1646, '2025-04-29', 24, NULL, 4, 1, NULL, NULL, NULL, 0),
(1647, '2025-04-29', 23, NULL, 5, 1, NULL, NULL, 8, 0),
(1715, '2025-04-30', 37, NULL, 4, 1, NULL, 5, NULL, 0),
(1716, '2025-04-30', 34, NULL, 4, 1, NULL, 5, NULL, 0),
(1717, '2025-04-30', 35, NULL, 4, 1, NULL, 6, NULL, 0),
(1718, '2025-04-30', 36, NULL, 4, 1, NULL, 6, NULL, 0),
(1719, '2025-04-30', 5, NULL, 4, 1, NULL, 5, NULL, 0),
(1720, '2025-04-30', 24, NULL, 5, 1, NULL, NULL, 8, 0),
(1784, '2025-05-01', 37, NULL, 4, 1, NULL, 5, NULL, 0),
(1785, '2025-05-01', 34, NULL, 4, 1, NULL, 5, NULL, 0),
(1786, '2025-05-01', 38, NULL, 1, 1, NULL, NULL, 8, 0),
(1787, '2025-05-01', 35, NULL, 4, 1, NULL, 6, NULL, 0),
(1788, '2025-05-01', 36, NULL, 4, 1, NULL, 6, NULL, 0),
(1789, '2025-05-01', 5, NULL, 4, 1, NULL, 5, NULL, 0),
(1845, '2025-05-02', 37, NULL, 4, 3, NULL, NULL, NULL, 0),
(1846, '2025-05-02', 34, NULL, 4, 3, NULL, NULL, NULL, 0),
(1847, '2025-05-02', 38, NULL, 4, 1, NULL, NULL, NULL, 0),
(1848, '2025-05-02', 35, NULL, 4, 1, NULL, 6, NULL, 0),
(1849, '2025-05-02', 36, NULL, 4, 1, NULL, 6, NULL, 0),
(1850, '2025-05-02', 5, NULL, 4, 3, NULL, NULL, NULL, 0),
(1907, '2025-05-03', 37, NULL, 4, 3, NULL, NULL, NULL, 0),
(1908, '2025-05-03', 34, NULL, 4, 3, NULL, NULL, NULL, 0),
(1909, '2025-05-03', 35, NULL, 4, 1, NULL, 6, NULL, 0),
(1910, '2025-05-03', 36, NULL, 4, 1, NULL, 6, NULL, 0),
(1911, '2025-05-03', 39, NULL, 4, 2, NULL, NULL, NULL, 0),
(1912, '2025-05-03', 5, NULL, 4, 3, NULL, NULL, NULL, 0),
(1913, '2025-05-03', 45, NULL, 4, 2, NULL, NULL, NULL, 0),
(1914, '2025-05-03', 42, NULL, 4, 2, NULL, NULL, NULL, 0),
(1978, '2025-05-04', 37, NULL, 4, 3, NULL, NULL, NULL, 0),
(1979, '2025-05-04', 34, NULL, 4, 3, NULL, NULL, NULL, 0),
(1980, '2025-05-04', 35, NULL, 5, 1, NULL, 6, NULL, 0),
(1981, '2025-05-04', 36, NULL, 4, 1, NULL, 6, NULL, 0),
(1982, '2025-05-04', 39, NULL, 4, 2, NULL, NULL, NULL, 0),
(1983, '2025-05-04', 5, NULL, 4, 3, NULL, NULL, NULL, 0),
(1984, '2025-05-04', 44, NULL, 1, 2, NULL, NULL, NULL, 0),
(1985, '2025-05-04', 45, NULL, 4, 2, NULL, NULL, NULL, 0),
(1986, '2025-05-04', 42, NULL, 4, 2, NULL, NULL, NULL, 0),
(2047, '2025-05-05', 10, NULL, 4, 1, NULL, NULL, NULL, 0),
(2048, '2025-05-05', 37, NULL, 4, 1, NULL, 5, NULL, 0),
(2049, '2025-05-05', 34, NULL, 4, 1, NULL, 5, NULL, 0),
(2050, '2025-05-05', 38, NULL, 4, 1, NULL, NULL, NULL, 0),
(2051, '2025-05-05', 36, NULL, 4, 1, NULL, NULL, NULL, 0),
(2052, '2025-05-05', 5, NULL, 5, 1, NULL, 5, 8, 0),
(2088, '2025-05-06', 10, NULL, 4, 1, NULL, NULL, NULL, 0),
(2089, '2025-05-06', 37, NULL, 4, 1, NULL, 5, NULL, 0),
(2090, '2025-05-06', 34, NULL, 4, 1, NULL, 5, NULL, 0),
(2091, '2025-05-06', 38, NULL, 4, 1, NULL, NULL, NULL, 0),
(2092, '2025-05-06', 36, NULL, 4, 1, NULL, NULL, NULL, 0),
(2131, '2025-05-07', 10, NULL, 4, 1, NULL, NULL, NULL, 0),
(2132, '2025-05-07', 37, NULL, 4, 1, NULL, 5, NULL, 0),
(2133, '2025-05-07', 34, NULL, 4, 1, NULL, 5, NULL, 0),
(2134, '2025-05-07', 38, NULL, 4, 1, NULL, NULL, NULL, 0),
(2135, '2025-05-07', 36, NULL, 4, 1, NULL, NULL, NULL, 0),
(2179, '2025-05-08', 10, NULL, 4, 1, NULL, NULL, NULL, 0),
(2180, '2025-05-08', 37, NULL, 4, 1, NULL, 5, 10, 0),
(2181, '2025-05-08', 34, NULL, 4, 1, NULL, 5, NULL, 0),
(2182, '2025-05-08', 38, NULL, 4, 1, NULL, NULL, NULL, 0),
(2183, '2025-05-08', 36, NULL, 4, 1, NULL, NULL, NULL, 0),
(2227, '2025-05-09', 10, NULL, 4, 3, NULL, NULL, NULL, 0),
(2228, '2025-05-09', 37, NULL, 4, 1, NULL, 5, 10, 0),
(2229, '2025-05-09', 34, NULL, 4, 1, NULL, 5, 10, 0),
(2230, '2025-05-09', 38, NULL, 4, 3, NULL, NULL, NULL, 0),
(2231, '2025-05-09', 36, NULL, 4, 3, NULL, NULL, NULL, 0),
(2269, '2025-05-12', 12, NULL, 4, 1, NULL, 6, 10, 0),
(2270, '2025-05-12', 37, NULL, 5, 1, NULL, NULL, 8, 0),
(2271, '2025-05-12', 46, NULL, 1, 1, NULL, NULL, 8, 0),
(2272, '2025-05-12', 38, NULL, 5, 1, NULL, 5, 8, 0),
(2273, '2025-05-12', 47, NULL, 4, 1, NULL, 5, NULL, 0),
(2274, '2025-05-12', 36, NULL, 5, 1, NULL, NULL, 8, 0),
(2275, '2025-05-12', 15, NULL, 4, 1, NULL, 6, NULL, 0),
(2276, '2025-05-12', 48, NULL, 4, 1, NULL, 5, 8, 0),
(2313, '2025-05-13', 12, NULL, 4, 1, NULL, 6, 10, 0),
(2314, '2025-05-13', 46, NULL, 4, 1, NULL, 6, 10, 0),
(2315, '2025-05-13', 47, NULL, 4, 1, NULL, 5, NULL, 0),
(2316, '2025-05-13', 15, NULL, 4, 1, NULL, 6, 10, 0),
(2317, '2025-05-13', 48, NULL, 4, 1, NULL, 5, 8, 0),
(2318, '2025-05-13', 49, NULL, 1, 1, NULL, NULL, NULL, 0),
(2356, '2025-05-14', 46, NULL, 4, 1, NULL, 6, 10, 0),
(2357, '2025-05-14', 47, NULL, 4, 1, NULL, 5, NULL, 0),
(2358, '2025-05-14', 15, NULL, 4, 1, NULL, 6, 10, 0),
(2359, '2025-05-14', 50, NULL, 1, 1, NULL, NULL, 8, 0),
(2360, '2025-05-14', 48, NULL, 4, 1, NULL, 5, 8, 0),
(2361, '2025-05-14', 49, NULL, 4, 1, NULL, 5, NULL, 0),
(2397, '2025-05-15', 46, NULL, 4, 1, NULL, 6, 10, 0),
(2398, '2025-05-15', 47, NULL, 4, 1, NULL, 5, NULL, 0),
(2399, '2025-05-15', 15, NULL, 5, 1, NULL, NULL, 10, 0),
(2400, '2025-05-15', 50, NULL, 4, 1, NULL, 5, NULL, 0),
(2401, '2025-05-15', 51, NULL, 1, 1, NULL, NULL, 8, 0),
(2402, '2025-05-15', 48, NULL, 4, 1, NULL, 5, NULL, 0),
(2403, '2025-05-15', 49, NULL, 4, 1, NULL, 5, NULL, 0),
(2438, '2025-05-19', 47, NULL, 4, 1, NULL, 5, NULL, 0),
(2439, '2025-05-19', 50, NULL, 4, 1, NULL, 5, 8, 0),
(2440, '2025-05-19', 51, NULL, 4, 1, NULL, 6, 10, 0),
(2441, '2025-05-19', 48, NULL, 4, 1, NULL, 5, 8, 0),
(2442, '2025-05-19', 49, NULL, 4, 1, NULL, 5, 8, 0),
(2477, '2025-05-20', 52, NULL, 1, 1, NULL, NULL, 8, 0),
(2478, '2025-05-20', 47, NULL, 4, 1, NULL, 5, NULL, 0),
(2479, '2025-05-20', 50, NULL, 4, 1, NULL, 5, NULL, 0),
(2480, '2025-05-20', 51, NULL, 4, 1, NULL, 6, NULL, 0),
(2481, '2025-05-20', 48, NULL, 4, 1, NULL, 5, 8, 0),
(2482, '2025-05-20', 49, NULL, 4, 1, NULL, 5, 8, 0),
(2517, '2025-05-21', 53, NULL, 1, 1, NULL, NULL, 8, 0),
(2518, '2025-05-21', 52, NULL, 4, 1, NULL, 5, NULL, 0),
(2519, '2025-05-21', 47, NULL, 4, 1, NULL, 5, 8, 0),
(2520, '2025-05-21', 50, NULL, 4, 1, NULL, 5, 8, 0),
(2521, '2025-05-21', 51, NULL, 5, 1, NULL, NULL, 10, 0),
(2522, '2025-05-21', 48, NULL, 4, 1, NULL, 5, 8, 0),
(2523, '2025-05-21', 54, NULL, 1, 1, NULL, NULL, NULL, 0),
(2524, '2025-05-21', 49, NULL, 5, 1, NULL, NULL, 10, 0),
(2562, '2025-05-22', 53, NULL, 4, 3, NULL, NULL, NULL, 0),
(2563, '2025-05-22', 52, NULL, 4, 1, NULL, 5, NULL, 0),
(2564, '2025-05-22', 47, NULL, 4, 1, NULL, 5, NULL, 0),
(2565, '2025-05-22', 50, NULL, 5, 1, NULL, NULL, 8, 0),
(2566, '2025-05-22', 55, NULL, 4, 1, NULL, 6, 10, 0),
(2567, '2025-05-22', 56, NULL, 1, 1, NULL, NULL, 8, 0),
(2568, '2025-05-22', 48, NULL, 4, 1, NULL, 5, NULL, 0),
(2569, '2025-05-22', 54, NULL, 4, 1, NULL, 6, 10, 0),
(2620, '2025-05-23', 53, NULL, 4, 3, NULL, NULL, NULL, 0),
(2621, '2025-05-23', 52, NULL, 4, 1, NULL, 5, NULL, 0),
(2622, '2025-05-23', 47, NULL, 4, 1, NULL, 5, NULL, 0),
(2623, '2025-05-23', 55, NULL, 4, 1, NULL, NULL, NULL, 0),
(2624, '2025-05-23', 56, NULL, 4, 1, NULL, 5, NULL, 0),
(2625, '2025-05-23', 48, NULL, 4, 1, NULL, 5, NULL, 0),
(2626, '2025-05-23', 54, NULL, 4, 1, NULL, NULL, NULL, 0),
(2676, '2025-05-24', 57, NULL, 4, 2, NULL, NULL, NULL, 0),
(2677, '2025-05-24', 53, NULL, 4, 3, NULL, NULL, NULL, 0),
(2678, '2025-05-24', 52, NULL, 4, 1, NULL, 5, NULL, 0),
(2679, '2025-05-24', 58, NULL, 4, 2, NULL, NULL, NULL, 0),
(2680, '2025-05-24', 59, NULL, 1, 1, NULL, NULL, NULL, 0),
(2681, '2025-05-24', 47, NULL, 4, 1, NULL, 5, NULL, 0),
(2682, '2025-05-24', 60, NULL, 4, 2, NULL, NULL, NULL, 0),
(2683, '2025-05-24', 56, NULL, 4, 1, NULL, 5, NULL, 0),
(2684, '2025-05-24', 48, NULL, 4, 1, NULL, 5, NULL, 0),
(2685, '2025-05-24', 61, NULL, 4, 2, NULL, NULL, NULL, 0),
(2686, '2025-05-24', 62, NULL, 4, 2, NULL, NULL, NULL, 0),
(2739, '2025-05-25', 57, NULL, 4, 2, NULL, NULL, NULL, 0),
(2740, '2025-05-25', 53, NULL, 4, 3, NULL, NULL, NULL, 0),
(2741, '2025-05-25', 52, NULL, 4, 1, NULL, 5, NULL, 0),
(2742, '2025-05-25', 58, NULL, 4, 2, NULL, NULL, NULL, 0),
(2743, '2025-05-25', 59, NULL, 4, 1, NULL, 5, NULL, 0),
(2744, '2025-05-25', 47, NULL, 4, 1, NULL, 5, NULL, 0),
(2745, '2025-05-25', 60, NULL, 4, 2, NULL, NULL, NULL, 0),
(2746, '2025-05-25', 56, NULL, 4, 1, NULL, 5, NULL, 0),
(2747, '2025-05-25', 48, NULL, 4, 1, NULL, 5, NULL, 0),
(2748, '2025-05-25', 61, NULL, 4, 2, NULL, NULL, NULL, 0),
(2749, '2025-05-25', 62, NULL, 4, 2, NULL, NULL, NULL, 0),
(2801, '2025-05-26', 57, NULL, 5, 1, NULL, NULL, NULL, 0),
(2802, '2025-05-26', 53, NULL, 4, 3, NULL, NULL, 8, 0),
(2803, '2025-05-26', 52, NULL, 4, 1, NULL, 5, 10, 0),
(2804, '2025-05-26', 58, NULL, 4, 1, NULL, NULL, NULL, 0),
(2805, '2025-05-26', 59, NULL, 4, 1, NULL, 5, 10, 0),
(2806, '2025-05-26', 47, NULL, 4, 1, NULL, 5, 10, 0),
(2807, '2025-05-26', 60, NULL, 4, 1, NULL, NULL, NULL, 0),
(2808, '2025-05-26', 56, NULL, 4, 1, NULL, 5, 10, 0),
(2809, '2025-05-26', 48, NULL, 4, 1, NULL, 5, 10, 0),
(2810, '2025-05-26', 61, NULL, 4, 1, NULL, NULL, NULL, 0),
(2811, '2025-05-26', 62, NULL, 4, 1, NULL, NULL, NULL, 0),
(2862, '2025-05-27', 53, NULL, 4, 3, NULL, NULL, 8, 0),
(2863, '2025-05-27', 52, NULL, 4, 1, NULL, 5, 10, 0),
(2864, '2025-05-27', 59, NULL, 4, 1, NULL, 5, 10, 0),
(2865, '2025-05-27', 47, NULL, 4, 1, NULL, 5, 10, 0),
(2866, '2025-05-27', 56, NULL, 4, 1, NULL, 5, NULL, 0),
(2867, '2025-05-27', 48, NULL, 4, 1, NULL, 5, 10, 0),
(2901, '2025-05-28', 53, NULL, 4, 1, NULL, NULL, 8, 0),
(2902, '2025-05-28', 52, NULL, 4, 1, NULL, 5, 10, 0),
(2903, '2025-05-28', 47, NULL, 4, 1, NULL, 5, 10, 0),
(2904, '2025-05-28', 63, NULL, 1, 1, NULL, NULL, 8, 0),
(2905, '2025-05-28', 45, NULL, 4, 1, NULL, 5, 10, 0),
(2906, '2025-05-28', 56, NULL, 4, 1, NULL, 5, 10, 0),
(2907, '2025-05-28', 48, NULL, 4, 1, NULL, 5, 10, 0),
(2939, '2025-05-29', 53, NULL, 4, 1, NULL, NULL, 8, 0),
(2940, '2025-05-29', 52, NULL, 4, 1, NULL, 5, 10, 0),
(2941, '2025-05-29', 64, NULL, 1, 1, NULL, NULL, NULL, 0),
(2942, '2025-05-29', 47, NULL, 4, 1, NULL, 5, 10, 0),
(2943, '2025-05-29', 63, NULL, 4, 1, NULL, NULL, 8, 0),
(2944, '2025-05-29', 45, NULL, 5, 1, NULL, 5, 10, 0),
(2945, '2025-05-29', 56, NULL, 4, 1, NULL, 5, 10, 0),
(2946, '2025-05-29', 48, NULL, 4, 1, NULL, 5, 10, 0),
(2979, '2025-05-30', 53, NULL, 4, 1, NULL, NULL, 8, 0),
(2980, '2025-05-30', 52, NULL, 4, 1, NULL, 5, 10, 0),
(2981, '2025-05-30', 64, NULL, 4, 1, NULL, NULL, 8, 0),
(2982, '2025-05-30', 47, NULL, 4, 1, NULL, 5, 10, 0),
(2983, '2025-05-30', 63, NULL, 4, 1, NULL, NULL, 8, 0),
(2984, '2025-05-30', 56, NULL, 4, 1, NULL, 5, 10, 0),
(2985, '2025-05-30', 48, NULL, 4, 1, NULL, 5, 10, 0);
GO

SET IDENTITY_INSERT [Clinical].[PatientVisits] OFF;
GO

