SET IDENTITY_INSERT [Clinical].[Facilities] ON;
GO

INSERT INTO [Clinical].[Facilities] ([FacilityID], [FacilityName], [FacilityAbbreviation])
VALUES
    (1, N'Facility 1', NULL),
    (2, N'Facility 2', NULL);
GO

SET IDENTITY_INSERT [Clinical].[Facilities] OFF;
GO

SET IDENTITY_INSERT [Clinical].[ServiceTypes] ON;
GO

INSERT INTO [Clinical].[ServiceTypes] ([ServiceTypeID], [Description], [CPTCode])
VALUES
    (1, N'Psych Evaluation', 90792),
    (2, N'Progress Note-Pending Placement', 99231),
    (3, N'Progress Note-Next Day', 99232),
    (4, N'Progress Note', 99233),
    (5, N'DC Summary', 99239);
GO

SET IDENTITY_INSERT [Clinical].[ServiceTypes] OFF;
GO

SET IDENTITY_INSERT [Clinical].[Patients] ON;
GO

INSERT INTO [Clinical].[Patients] ([PatientID], [PatientMRN], [PatientFirstName], [PatientLastName], [PatientBirthDate])
VALUES
    (1, 823104, 'Emma', 'Johnson', '1985-04-12'),
    (2, 823105, 'Liam', 'Smith', '1990-07-23'),
    (3, 823106, 'Olivia', 'Brown', '1978-11-05'),
    (4, 823107, 'Noah', 'Davis', '2002-01-30'),
    (5, 823108, 'Ava', 'Miller', '1965-09-18'),
    (6, 823109, 'Elijah', 'Wilson', '1988-03-14'),
    (7, 823110, 'Sophia', 'Moore', '1995-12-09'),
    (8, 823111, 'James', 'Taylor', '1972-06-25'),
    (9, 823112, 'Isabella', 'Anderson', '2000-08-17'),
    (10, 823113, 'Benjamin', 'Thomas', '1983-02-03'),
    (11, 823114, 'Charlotte', 'Jackson', '1991-05-22'),
    (12, 823115, 'William', 'White', '1975-10-10'),
    (13, 823116, 'Amelia', 'Harris', '1989-07-07'),
    (14, 823117, 'Lucas', 'Martin', '1993-03-19'),
    (15, 823118, 'Mia', 'Thompson', '1968-12-01'),
    (16, 823119, 'Henry', 'Garcia', '1982-06-15'),
    (17, 823120, 'Harper', 'Martinez', '1999-09-09'),
    (18, 823121, 'Alexander', 'Robinson', '1970-04-04'),
    (19, 823122, 'Evelyn', 'Clark', '1987-11-11'),
    (20, 823123, 'Michael', 'Rodriguez', '1996-08-08'),
    (21, 823124, 'Abigail', 'Lewis', '1980-02-20'),
    (22, 823125, 'Daniel', 'Lee', '1994-05-05'),
    (23, 823126, 'Ella', 'Walker', '1976-03-03'),
    (24, 823127, 'Matthew', 'Hall', '1986-07-07'),
    (25, 823128, 'Scarlett', 'Allen', '1992-01-01'),
    (26, 823129, 'Jackson', 'Young', '1981-09-09'),
    (27, 823130, 'Grace', 'Hernandez', '1979-10-10'),
    (28, 823131, 'Sebastian', 'King', '1997-04-04'),
    (29, 823132, 'Chloe', 'Wright', '1984-06-06'),
    (30, 823133, 'David', 'Lopez', '2001-02-02'),
    (31, 823134, 'Aria', 'Hill', '1969-08-08'),
    (32, 823135, 'Joseph', 'Scott', '1983-03-03'),
    (33, 823136, 'Victoria', 'Green', '1998-05-05'),
    (34, 823137, 'Samuel', 'Adams', '1977-07-07'),
    (35, 823138, 'Lily', 'Baker', '1986-12-12'),
    (36, 823139, 'Owen', 'Nelson', '1990-10-10'),
    (37, 823140, 'Zoey', 'Carter', '1985-01-01'),
    (38, 823141, 'Jack', 'Mitchell', '1973-09-09'),
    (39, 823142, 'Hannah', 'Perez', '1991-11-11'),
    (40, 823143, 'Levi', 'Roberts', '1982-02-02'),
    (41, 823144, 'Nora', 'Turner', '1996-06-06'),
    (42, 823145, 'Isaac', 'Phillips', '1974-04-04'),
    (43, 823146, 'Penelope', 'Campbell', '1988-08-08'),
    (44, 823147, 'Gabriel', 'Parker', '1993-03-03'),
    (45, 823148, 'Riley', 'Evans', '1980-05-05'),
    (46, 823149, 'Julian', 'Edwards', '1971-07-07'),
    (47, 823150, 'Layla', 'Collins', '1989-09-09'),
    (48, 823151, 'Anthony', 'Stewart', '1995-01-01'),
    (49, 823152, 'Zoey', 'Sanchez', '1984-10-10'),
    (50, 823153, 'Nathan', 'Morris', '1978-12-12'),
    (51, 823154, 'Stella', 'Rogers', '1992-02-02'),
    (52, 823155, 'Christian', 'Reed', '1987-06-06'),
    (53, 823156, 'Aurora', 'Cook', '1975-03-03'),
    (54, 823157, 'Hunter', 'Morgan', '1999-05-05'),
    (55, 823158, 'Lucy', 'Bell', '1981-07-07'),
    (56, 823159, 'Aaron', 'Murphy', '1994-09-09'),
    (57, 823160, 'Paisley', 'Bailey', '1976-11-11'),
    (58, 823161, 'Charles', 'Rivera', '1983-01-01'),
    (59, 823162, 'Ellie', 'Cooper', '1997-10-10'),
    (60, 823163, 'Isaiah', 'Richardson', '1980-12-12'),
    (61, 823164, 'Hazel', 'Cox', '1990-02-02'),
    (62, 823165, 'Andrew', 'Howard', '1972-06-06'),
    (63, 823166, 'Violet', 'Ward', '1986-04-04'),
    (64, 823167, 'Thomas', 'Torres', '1998-08-08'),
    (65, 823168, 'Brooklyn', 'Peterson', '1979-03-03'),
    (66, 823169, 'Eli', 'Gray', '1985-05-05'),
    (67, 823170, 'Claire', 'Ramirez', '1993-07-07'),
    (68, 823171, 'Adam', 'James', '1970-09-09'),
    (69, 823172, 'Audrey', 'Watson', '1982-11-11'),
    (70, 823173, 'Jonathan', 'Brooks', '1996-01-01'),
    (71, 823174, 'Savannah', 'Kelly', '1984-10-10'),
    (72, 823175, 'Christopher', 'Sanders', '1977-12-12'),
    (73, 823176, 'Anna', 'Price', '1991-02-02'),
    (74, 823177, 'Lincoln', 'Bennett', '1989-06-06'),
    (75, 823178, 'Aubrey', 'Wood', '1974-04-04'),
    (76, 823179, 'Grayson', 'Barnes', '1995-08-08'),
    (77, 823180, 'Zoey', 'Ross', '1983-03-03'),
    (78, 823181, 'Ryan', 'Henderson', '1971-05-05'),
    (79, 823182, 'Bella', 'Coleman', '1987-07-07'),
    (80, 823183, 'Jaxon', 'Jenkins', '1999-09-09'),
    (81, 823184, 'Camila', 'Perry', '1981-11-11'),
    (82, 823185, 'Nathaniel', 'Powell', '1976-01-01'),
    (83, 823186, 'Madelyn', 'Long', '1992-10-10'),
    (84, 823187, 'Easton', 'Patterson', '1980-12-12'),
    (85, 823188, 'Alice', 'Hughes', '1990-02-02'),
    (86, 823189, 'Connor', 'Flores', '1973-06-06'),
    (87, 823190, 'Ruby', 'Washington', '1986-04-04'),
    (88, 823191, 'Eleanor', 'West', '1994-08-08'),
    (89, 823192, 'Miles', 'Jordan', '1982-03-03'),
    (90, 823193, 'Anna', 'Foster', '1975-05-05'),
    (91, 823194, 'Jason', 'Hunter', '1987-07-07'),
    (92, 823195, 'Luna', 'Dean', '1999-09-09'),
    (93, 823196, 'Caleb', 'Austin', '1981-11-11'),
    (94, 823197, 'Aaliyah', 'Spencer', '1976-01-01'),
    (95, 823198, 'Ezekiel', 'McCoy', '1992-10-10'),
    (96, 823199, 'Sadie', 'Ray', '1980-12-12'),
    (97, 823200, 'Asher', 'Gibson', '1990-02-02'),
    (98, 823201, 'Caroline', 'Ford', '1973-06-06'),
    (99, 823202, 'Roman', 'Hamilton', '1986-04-04'),
    (100, 823203, 'Zoe', 'Hughes', '1993-10-11');
GO


SET IDENTITY_INSERT [Clinical].[Patients] OFF;
GO

SET IDENTITY_INSERT [Compensation].[Employees] ON;
GO

INSERT INTO [Compensation].[Employees] ([EmployeeID], [FirstName], [LastName], [TitleExtension], [IsProvider], [Role], [IsAdministrator], [Email], [CanApproveVisits])
VALUES
    (1, 'Emma', 'Harrison', 'MD', 1, 'Physician', 0, NULL, 0),
    (2, 'Liam', 'Turner', 'MD', 1, 'Physician', 0, NULL, 0),
    (3, 'Olivia', 'Bennett', 'MD', 1, 'Physician', 0, NULL, 0),
    (4, 'Noah', 'Foster', 'MD', 1, 'Physician', 0, NULL, 0),
    (5, 'Ava', 'Graham', 'NP', 1, 'Nurse Practitioner', 0, NULL, 0),
    (6, 'Elijah', 'Coleman', 'NP', 1, 'Nurse Practitioner', 0, NULL, 0),
    (7, 'Sophia', 'Reed', NULL, 0, 'Scribe', 0, NULL, 0),
    (8, 'James', 'Perry', NULL, 0, 'Scribe', 0, NULL, 0),
    (9, 'Isabella', 'Powell', NULL, 0, 'Scribe', 0, NULL, 0),
    (10, 'Benjamin', 'Russell', NULL, 0, 'Scribe', 0, NULL, 0),
    (11, 'Charlotte', 'Griffin', NULL, 0, 'Scribe', 0, NULL, 0),
    (12, 'William', 'Hayes', NULL, 0, 'IT', 1, NULL, 0),
    (13, 'Amelia', 'Price', NULL, 0, 'Admin', 1, NULL, 0),
	(14, 'Hernan', 'Marano', NULL, 0, 'Admin', 1, 'hernanmarano@consilientivh.com', 0);
GO

SET IDENTITY_INSERT [Compensation].[Employees] OFF;
GO

SET IDENTITY_INSERT [Clinical].[PatientVisits] ON;
GO

INSERT INTO [Clinical].[PatientVisits] ([PatientVisitID], [DateServiced], [PatientID], [FacilityID], [AdmissionNumber], [InsuranceID], [ServiceTypeID], [PhysicianEmployeeID], [NursePractitionerEmployeeID], [ScribeEmployeeID], [CosigningPhysicianEmployeeID], [IsScribeServiceOnly])
VALUES
(23, '2025-01-30', 14, 1, NULL, NULL, 4, 1, NULL, NULL, NULL, 0),
(26, '2025-01-31', 5, 1, NULL, NULL, 4, 1, NULL, NULL, NULL, 0),
(27, '2025-01-31', 14, 1, NULL, NULL, 4, 1, NULL, NULL, NULL, 0),
(39, '2025-02-03', 5, 1, NULL, NULL, 4, 1, NULL, NULL, NULL, 0),
(40, '2025-02-03', 14, 1, NULL, NULL, 4, 1, NULL, NULL, NULL, 0),
(41, '2025-02-03', 46, 1, NULL, NULL, 4, 1, NULL, NULL, NULL, 0),
(42, '2025-02-03', 47, 1, NULL, NULL, 4, 1, NULL, NULL, NULL, 0),
(43, '2025-02-03', 86, 1, NULL, NULL, 4, 1, NULL, NULL, NULL, 0),
(63, '2025-02-04', 5, 1, NULL, NULL, 4, 1, NULL, NULL, NULL, 0),
(64, '2025-02-04', 14, 1, NULL, NULL, 4, 1, NULL, NULL, NULL, 0),
(65, '2025-02-04', 46, 1, NULL, NULL, 4, 1, NULL, NULL, NULL, 0),
(66, '2025-02-04', 47, 1, NULL, NULL, 4, 1, NULL, NULL, NULL, 0),
(67, '2025-02-04', 86, 1, NULL, NULL, 4, 1, NULL, NULL, NULL, 0),
(68, '2025-02-04', 87, 1, NULL, NULL, 1, 1, NULL, NULL, NULL, 0),
(87, '2025-02-05', 5, 1, NULL, NULL, 5, 1, NULL, NULL, NULL, 0),
(88, '2025-02-05', 14, 1, NULL, NULL, 4, 1, NULL, NULL, NULL, 0),
(89, '2025-02-05', 46, 1, NULL, NULL, 4, 1, NULL, NULL, NULL, 0),
(90, '2025-02-05', 47, 1, NULL, NULL, 4, 1, NULL, NULL, NULL, 0),
(91, '2025-02-05', 63, 1, NULL, NULL, 1, 1, NULL, NULL, NULL, 0),
(92, '2025-02-05', 86, 1, NULL, NULL, 4, 1, NULL, NULL, NULL, 0),
(93, '2025-02-05', 87, 1, NULL, NULL, 4, 1, NULL, NULL, NULL, 0),
(113, '2025-02-06', 14, 1, NULL, NULL, 4, 1, NULL, NULL, NULL, 0),
(114, '2025-02-06', 46, 1, NULL, NULL, 4, 1, NULL, NULL, NULL, 0),
(115, '2025-02-06', 47, 1, NULL, NULL, 4, 1, NULL, NULL, NULL, 0),
(116, '2025-02-06', 63, 1, NULL, NULL, 4, 1, NULL, NULL, NULL, 0),
(117, '2025-02-06', 86, 1, NULL, NULL, 4, 1, NULL, NULL, NULL, 0),
(118, '2025-02-06', 87, 1, NULL, NULL, 4, 1, NULL, NULL, NULL, 0),
(136, '2025-02-07', 14, 1, NULL, NULL, 4, 1, NULL, NULL, NULL, 0),
(137, '2025-02-07', 46, 1, NULL, NULL, 4, 1, NULL, NULL, NULL, 0),
(138, '2025-02-07', 47, 1, NULL, NULL, 4, 1, NULL, NULL, NULL, 0),
(139, '2025-02-07', 63, 1, NULL, NULL, 4, 1, NULL, NULL, NULL, 0),
(140, '2025-02-07', 86, 1, NULL, NULL, 4, 1, NULL, NULL, NULL, 0),
(141, '2025-02-07', 87, 1, NULL, NULL, 4, 1, NULL, NULL, NULL, 0),
(170, '2025-02-17', 2, 1, NULL, NULL, 4, 1, NULL, NULL, NULL, 0),
(171, '2025-02-17', 4, 1, NULL, NULL, 4, 1, NULL, NULL, NULL, 0),
(172, '2025-02-17', 19, 1, NULL, NULL, 4, 1, NULL, NULL, NULL, 0),
(173, '2025-02-17', 48, 1, NULL, NULL, 4, 1, NULL, NULL, NULL, 0),
(174, '2025-02-17', 49, 1, NULL, NULL, 4, 1, NULL, NULL, NULL, 0),
(175, '2025-02-17', 53, 1, NULL, NULL, 4, 1, NULL, NULL, NULL, 0),
(176, '2025-02-17', 57, 1, NULL, NULL, 5, 1, NULL, NULL, NULL, 0),
(177, '2025-02-17', 68, 1, NULL, NULL, 4, 1, NULL, NULL, NULL, 0),
(178, '2025-02-17', 73, 1, NULL, NULL, 4, 1, NULL, NULL, NULL, 0),
(179, '2025-02-17', 79, 1, NULL, NULL, 4, 1, NULL, NULL, NULL, 0),
(180, '2025-02-17', 85, 1, NULL, NULL, 4, 1, NULL, NULL, NULL, 0),
(181, '2025-02-17', 97, 1, NULL, NULL, 4, 1, NULL, NULL, NULL, 0),
(209, '2025-02-18', 2, 1, NULL, NULL, 4, 1, NULL, NULL, NULL, 0),
(210, '2025-02-18', 4, 1, NULL, NULL, 4, 1, NULL, NULL, NULL, 0),
(211, '2025-02-18', 19, 1, NULL, NULL, 4, 1, NULL, NULL, NULL, 0),
(212, '2025-02-18', 49, 1, NULL, NULL, 5, 1, NULL, NULL, NULL, 0),
(213, '2025-02-18', 53, 1, NULL, NULL, 5, 1, NULL, NULL, NULL, 0),
(214, '2025-02-18', 73, 1, NULL, NULL, 4, 1, NULL, NULL, NULL, 0),
(231, '2025-02-19', 2, 1, NULL, NULL, 4, 1, NULL, NULL, NULL, 0),
(232, '2025-02-19', 4, 1, NULL, NULL, 4, 1, NULL, NULL, NULL, 0),
(233, '2025-02-19', 19, 1, NULL, NULL, 4, 1, NULL, NULL, NULL, 0),
(234, '2025-02-19', 73, 1, NULL, NULL, 4, 1, NULL, NULL, NULL, 0),
(252, '2025-02-20', 2, 1, NULL, NULL, 4, 1, NULL, NULL, NULL, 0),
(253, '2025-02-20', 4, 1, NULL, NULL, 4, 1, NULL, NULL, NULL, 0),
(254, '2025-02-20', 19, 1, NULL, NULL, 4, 1, NULL, NULL, NULL, 0),
(255, '2025-02-20', 73, 1, NULL, NULL, 4, 1, NULL, NULL, NULL, 0),
(274, '2025-02-21', 2, 1, NULL, NULL, 4, 1, NULL, NULL, NULL, 0),
(275, '2025-02-21', 4, 1, NULL, NULL, 5, 1, NULL, NULL, NULL, 0),
(276, '2025-02-21', 19, 1, NULL, NULL, 4, 1, NULL, NULL, NULL, 0),
(277, '2025-02-21', 73, 1, NULL, NULL, 5, 1, NULL, NULL, NULL, 0),
(305, '2025-02-24', 2, 1, NULL, NULL, 4, 1, NULL, NULL, NULL, 0),
(309, '2025-02-25', 2, 1, NULL, NULL, 4, 1, NULL, NULL, NULL, 0),
(313, '2025-02-26', 2, 1, NULL, NULL, 4, 1, NULL, NULL, NULL, 0),
(317, '2025-02-27', 2, 1, NULL, NULL, 4, 1, NULL, NULL, NULL, 0),
(321, '2025-02-28', 2, 1, NULL, NULL, 4, 1, NULL, NULL, NULL, 0),
(329, '2025-03-03', 14, 1, NULL, NULL, 4, 1, NULL, NULL, NULL, 0),
(330, '2025-03-03', 46, 1, NULL, NULL, 4, 1, NULL, NULL, NULL, 0),
(331, '2025-03-03', 57, 1, NULL, NULL, 4, 1, NULL, NULL, NULL, 0),
(332, '2025-03-03', 67, 1, NULL, NULL, 4, 1, NULL, NULL, NULL, 0),
(353, '2025-03-04', 14, 1, NULL, NULL, 4, 1, NULL, NULL, NULL, 0),
(354, '2025-03-04', 25, 1, NULL, NULL, 1, 1, NULL, NULL, NULL, 0),
(355, '2025-03-04', 46, 1, NULL, NULL, 4, 1, NULL, NULL, NULL, 0),
(356, '2025-03-04', 57, 1, NULL, NULL, 4, 1, NULL, NULL, NULL, 0),
(357, '2025-03-04', 67, 1, NULL, NULL, 4, 1, NULL, NULL, NULL, 0),
(378, '2025-03-05', 14, 1, NULL, NULL, 4, 1, NULL, NULL, NULL, 0),
(379, '2025-03-05', 25, 1, NULL, NULL, 4, 1, NULL, NULL, NULL, 0),
(380, '2025-03-05', 46, 1, NULL, NULL, 4, 1, NULL, NULL, NULL, 0),
(381, '2025-03-05', 67, 1, NULL, NULL, 4, 1, NULL, NULL, NULL, 0),
(404, '2025-03-06', 14, 1, NULL, NULL, 4, 1, NULL, NULL, NULL, 0),
(405, '2025-03-06', 25, 1, NULL, NULL, 4, 1, NULL, NULL, NULL, 0),
(406, '2025-03-06', 46, 1, NULL, NULL, 4, 1, NULL, NULL, NULL, 0),
(407, '2025-03-06', 67, 1, NULL, NULL, 4, 1, NULL, NULL, NULL, 0),
(427, '2025-03-07', 14, 1, NULL, NULL, 4, 1, NULL, NULL, NULL, 0),
(428, '2025-03-07', 25, 1, NULL, NULL, 4, 1, NULL, NULL, NULL, 0),
(429, '2025-03-07', 46, 1, NULL, NULL, 4, 1, NULL, NULL, NULL, 0),
(430, '2025-03-07', 67, 1, NULL, NULL, 5, 1, NULL, NULL, NULL, 0),
(452, '2025-03-08', 14, 1, NULL, NULL, 4, 1, NULL, NULL, NULL, 0),
(453, '2025-03-08', 25, 1, NULL, NULL, 4, 1, NULL, NULL, NULL, 0),
(454, '2025-03-08', 46, 1, NULL, NULL, 4, 1, NULL, NULL, NULL, 0),
(476, '2025-03-09', 14, 1, NULL, NULL, 4, 1, NULL, NULL, NULL, 0),
(477, '2025-03-09', 25, 1, NULL, NULL, 5, 1, NULL, NULL, NULL, 0),
(478, '2025-03-09', 46, 1, NULL, NULL, 4, 1, NULL, NULL, NULL, 0),
(499, '2025-03-10', 14, 1, NULL, NULL, 4, 1, NULL, NULL, NULL, 0),
(507, '2025-03-11', 14, 1, NULL, NULL, 4, 1, NULL, NULL, NULL, 0),
(511, '2025-03-12', 14, 1, NULL, NULL, 4, 1, NULL, NULL, NULL, 0),
(515, '2025-03-13', 14, 1, NULL, NULL, 4, 1, NULL, NULL, NULL, 0),
(519, '2025-03-14', 14, 1, NULL, NULL, 4, 1, NULL, NULL, NULL, 0),
(524, '2025-03-17', 14, 1, NULL, NULL, 4, 1, NULL, NULL, NULL, 0),
(525, '2025-03-17', 44, 1, NULL, NULL, 4, 1, 5, NULL, NULL, 0),
(526, '2025-03-17', 88, 1, NULL, NULL, 4, 1, 5, NULL, NULL, 0),
(543, '2025-03-18', 14, 1, NULL, NULL, 4, 1, NULL, NULL, NULL, 0),
(544, '2025-03-18', 44, 1, NULL, NULL, 4, 1, 5, NULL, NULL, 0),
(545, '2025-03-18', 50, 1, NULL, NULL, 5, 1, NULL, NULL, NULL, 0),
(546, '2025-03-18', 61, 1, NULL, NULL, 5, 1, NULL, NULL, NULL, 0),
(547, '2025-03-18', 88, 1, NULL, NULL, 4, 1, 5, NULL, NULL, 0),
(569, '2025-03-19', 14, 1, NULL, NULL, 4, 1, NULL, NULL, NULL, 0),
(570, '2025-03-19', 44, 1, NULL, NULL, 5, 1, 5, NULL, NULL, 0),
(571, '2025-03-19', 88, 1, NULL, NULL, 4, 1, 5, NULL, NULL, 0),
(595, '2025-03-20', 14, 1, NULL, NULL, 4, 1, NULL, NULL, NULL, 0),
(596, '2025-03-20', 88, 1, NULL, NULL, 4, 1, 5, NULL, NULL, 0),
(617, '2025-03-21', 14, 1, NULL, NULL, 4, 1, NULL, NULL, NULL, 0),
(618, '2025-03-21', 88, 1, NULL, NULL, 4, 1, 5, NULL, NULL, 0),
(638, '2025-03-22', 14, 1, NULL, NULL, 4, 1, NULL, NULL, NULL, 0),
(639, '2025-03-22', 88, 1, NULL, NULL, 4, 1, NULL, NULL, NULL, 0),
(656, '2025-03-23', 14, 1, NULL, NULL, 4, 1, NULL, NULL, NULL, 0),
(657, '2025-03-23', 88, 1, NULL, NULL, 4, 1, NULL, NULL, NULL, 0),
(674, '2025-03-24', 14, 1, NULL, NULL, 4, 1, NULL, NULL, NULL, 0),
(675, '2025-03-24', 88, 1, NULL, NULL, 4, 1, 5, NULL, NULL, 0),
(692, '2025-03-25', 14, 1, NULL, NULL, 4, 1, 5, NULL, NULL, 0),
(693, '2025-03-25', 88, 1, NULL, NULL, 4, 1, 5, NULL, NULL, 0),
(709, '2025-03-26', 14, 1, NULL, NULL, 5, 1, 5, NULL, NULL, 0),
(710, '2025-03-26', 88, 1, NULL, NULL, 4, 1, 5, NULL, NULL, 0),
(726, '2025-03-27', 46, 1, NULL, NULL, 4, 1, NULL, NULL, NULL, 0),
(727, '2025-03-27', 82, 1, NULL, NULL, 4, 1, NULL, NULL, NULL, 0),
(728, '2025-03-27', 88, 1, NULL, NULL, 4, 1, 5, NULL, NULL, 0),
(765, '2025-03-28', 46, 1, NULL, NULL, 4, 1, NULL, NULL, NULL, 0),
(766, '2025-03-28', 82, 1, NULL, NULL, 4, 1, NULL, NULL, NULL, 0),
(767, '2025-03-28', 88, 1, NULL, NULL, 4, 1, NULL, NULL, NULL, 0),
(804, '2025-03-29', 46, 1, NULL, NULL, 4, 1, NULL, NULL, NULL, 0),
(805, '2025-03-29', 82, 1, NULL, NULL, 4, 1, NULL, NULL, NULL, 0),
(806, '2025-03-29', 88, 1, NULL, NULL, 4, 1, NULL, NULL, NULL, 0),
(830, '2025-03-30', 46, 1, NULL, NULL, 4, 1, NULL, NULL, NULL, 0),
(831, '2025-03-30', 82, 1, NULL, NULL, 4, 1, NULL, NULL, NULL, 0),
(832, '2025-03-30', 88, 1, NULL, NULL, 4, 1, NULL, NULL, NULL, 0),
(855, '2025-03-31', 46, 1, NULL, NULL, 4, 1, NULL, NULL, NULL, 0),
(856, '2025-03-31', 82, 1, NULL, NULL, 4, 1, 5, NULL, NULL, 0),
(857, '2025-03-31', 88, 1, NULL, NULL, 4, 1, NULL, NULL, NULL, 0),
(896, '2025-04-01', 46, 1, NULL, NULL, 4, 1, 5, NULL, NULL, 0),
(897, '2025-04-01', 82, 1, NULL, NULL, 4, 1, 6, NULL, NULL, 0),
(898, '2025-04-01', 88, 1, NULL, NULL, 4, 1, 5, NULL, NULL, 0),
(937, '2025-04-02', 46, 1, NULL, NULL, 4, 1, 5, NULL, NULL, 0),
(938, '2025-04-02', 59, 1, NULL, NULL, 1, 1, NULL, NULL, NULL, 0),
(939, '2025-04-02', 82, 1, NULL, NULL, 5, 1, NULL, NULL, NULL, 0),
(940, '2025-04-02', 88, 1, NULL, NULL, 4, 1, 5, NULL, NULL, 0),
(979, '2025-04-03', 46, 1, NULL, NULL, 4, 1, 5, NULL, NULL, 0),
(980, '2025-04-03', 88, 1, NULL, NULL, 4, 1, 5, NULL, NULL, 0),
(981, '2025-04-03', 97, 1, NULL, NULL, 1, 1, NULL, NULL, NULL, 0),
(1019, '2025-04-04', 38, 1, NULL, NULL, 1, 1, NULL, NULL, NULL, 0),
(1020, '2025-04-04', 46, 1, NULL, NULL, 4, 1, 5, NULL, NULL, 0),
(1021, '2025-04-04', 88, 1, NULL, NULL, 4, 1, 5, NULL, NULL, 0),
(1022, '2025-04-04', 97, 1, NULL, NULL, 4, 1, 6, NULL, NULL, 0),
(1058, '2025-04-05', 38, 1, NULL, NULL, 4, 1, 6, 10, NULL, 0),
(1059, '2025-04-05', 46, 1, NULL, NULL, 4, 1, NULL, 10, NULL, 0),
(1060, '2025-04-05', 88, 1, NULL, NULL, 4, 1, NULL, 10, NULL, 0),
(1061, '2025-04-05', 97, 1, NULL, NULL, 4, 1, 6, 10, NULL, 0),
(1095, '2025-04-06', 38, 1, NULL, NULL, 4, 1, 6, 10, NULL, 0),
(1096, '2025-04-06', 46, 1, NULL, NULL, 4, 1, NULL, 10, NULL, 0),
(1097, '2025-04-06', 88, 1, NULL, NULL, 4, 1, NULL, 10, NULL, 0),
(1098, '2025-04-06', 97, 1, NULL, NULL, 4, 1, 6, 10, NULL, 0),
(1131, '2025-04-07', 38, 1, NULL, NULL, 5, 1, 5, 10, NULL, 0),
(1132, '2025-04-07', 46, 1, NULL, NULL, 4, 1, 5, 10, NULL, 0),
(1133, '2025-04-07', 88, 1, NULL, NULL, 5, 1, NULL, 10, NULL, 0),
(1152, '2025-04-08', 46, 1, NULL, NULL, 4, 1, 5, 10, NULL, 0),
(1169, '2025-04-09', 46, 1, NULL, NULL, 4, 1, 5, 10, NULL, 0),
(1185, '2025-04-10', 46, 1, NULL, NULL, 4, 1, 5, 10, NULL, 0),
(1201, '2025-04-11', 46, 1, NULL, NULL, 4, 1, 5, 10, NULL, 0),
(1215, '2025-04-14', 46, 1, NULL, NULL, 4, 1, 5, NULL, NULL, 0),
(1231, '2025-04-15', 46, 1, NULL, NULL, 4, 1, 5, NULL, NULL, 0),
(1244, '2025-04-16', 15, 1, NULL, NULL, 1, 1, NULL, NULL, NULL, 0),
(1245, '2025-04-16', 46, 1, NULL, NULL, 4, 1, 5, NULL, NULL, 0),
(1259, '2025-04-17', 46, 1, NULL, NULL, 4, 1, 5, NULL, NULL, 0),
(1276, '2025-04-18', 46, 1, NULL, NULL, 4, 1, 5, NULL, NULL, 0),
(1277, '2025-04-18', 65, 1, NULL, NULL, 4, 1, 6, NULL, NULL, 0),
(1313, '2025-04-21', 16, 1, NULL, NULL, 4, 1, NULL, 10, NULL, 0),
(1314, '2025-04-21', 46, 1, NULL, NULL, 4, 1, NULL, 10, NULL, 0),
(1315, '2025-04-21', 48, 1, NULL, NULL, 4, 1, NULL, 10, NULL, 0),
(1316, '2025-04-21', 65, 1, NULL, NULL, 4, 1, 6, 10, NULL, 0),
(1353, '2025-04-22', 16, 1, NULL, NULL, 4, 1, NULL, 10, NULL, 0),
(1354, '2025-04-22', 46, 1, NULL, NULL, 4, 1, NULL, 10, NULL, 0),
(1355, '2025-04-22', 48, 1, NULL, NULL, 4, 1, NULL, 10, NULL, 0),
(1356, '2025-04-22', 65, 1, NULL, NULL, 4, 1, 6, 10, NULL, 0),
(1395, '2025-04-23', 16, 1, NULL, NULL, 4, 1, 5, NULL, NULL, 0),
(1396, '2025-04-23', 46, 1, NULL, NULL, 4, 1, 5, NULL, NULL, 0),
(1397, '2025-04-23', 48, 1, NULL, NULL, 4, 1, 6, 10, NULL, 0),
(1398, '2025-04-23', 65, 1, NULL, NULL, 5, 1, NULL, 10, NULL, 0),
(1436, '2025-04-24', 16, 1, NULL, NULL, 4, 3, 5, NULL, NULL, 0),
(1437, '2025-04-24', 42, 1, NULL, NULL, 4, 1, NULL, NULL, NULL, 0),
(1438, '2025-04-24', 46, 1, NULL, NULL, 4, 3, 5, NULL, NULL, 0),
(1439, '2025-04-24', 60, 1, NULL, NULL, 5, 1, NULL, NULL, NULL, 0),
(1440, '2025-04-24', 66, 1, NULL, NULL, 4, 1, NULL, NULL, NULL, 0),
(1441, '2025-04-24', 99, 1, NULL, NULL, 4, 1, NULL, NULL, NULL, 0),
(1500, '2025-04-25', 16, 1, NULL, NULL, 4, 3, 5, NULL, NULL, 0),
(1501, '2025-04-25', 29, 1, NULL, NULL, 1, 1, NULL, 8, NULL, 0),
(1502, '2025-04-25', 42, 1, NULL, NULL, 4, 1, NULL, NULL, NULL, 0),
(1503, '2025-04-25', 46, 1, NULL, NULL, 4, 3, 5, NULL, NULL, 0),
(1504, '2025-04-25', 66, 1, NULL, NULL, 5, 1, NULL, NULL, NULL, 0),
(1505, '2025-04-25', 67, 1, NULL, NULL, 1, 3, NULL, 8, NULL, 0),
(1506, '2025-04-25', 99, 1, NULL, NULL, 4, 1, NULL, NULL, NULL, 0),
(1570, '2025-04-28', 16, 1, NULL, NULL, 4, 1, 5, NULL, NULL, 0),
(1571, '2025-04-28', 29, 1, NULL, NULL, 4, 1, 6, NULL, NULL, 0),
(1572, '2025-04-28', 37, 1, NULL, NULL, 4, 1, NULL, NULL, NULL, 0),
(1573, '2025-04-28', 46, 1, NULL, NULL, 4, 1, 5, NULL, NULL, 0),
(1574, '2025-04-28', 67, 1, NULL, NULL, 4, 1, 5, NULL, NULL, 0),
(1575, '2025-04-28', 97, 1, NULL, NULL, 4, 1, NULL, NULL, NULL, 0),
(1641, '2025-04-29', 9, 1, NULL, NULL, 1, 1, NULL, NULL, NULL, 0),
(1642, '2025-04-29', 16, 1, NULL, NULL, 4, 1, 5, NULL, NULL, 0),
(1643, '2025-04-29', 29, 1, NULL, NULL, 4, 1, 6, 10, NULL, 0),
(1644, '2025-04-29', 37, 1, NULL, NULL, 4, 1, 6, 10, NULL, 0),
(1645, '2025-04-29', 46, 1, NULL, NULL, 4, 1, 5, NULL, NULL, 0),
(1646, '2025-04-29', 67, 1, NULL, NULL, 4, 1, NULL, NULL, NULL, 0),
(1647, '2025-04-29', 97, 1, NULL, NULL, 5, 1, NULL, 8, NULL, 0),
(1715, '2025-04-30', 9, 1, NULL, NULL, 4, 1, 5, NULL, NULL, 0),
(1716, '2025-04-30', 16, 1, NULL, NULL, 4, 1, 5, NULL, NULL, 0),
(1717, '2025-04-30', 29, 1, NULL, NULL, 4, 1, 6, NULL, NULL, 0),
(1718, '2025-04-30', 37, 1, NULL, NULL, 4, 1, 6, NULL, NULL, 0),
(1719, '2025-04-30', 46, 1, NULL, NULL, 4, 1, 5, NULL, NULL, 0),
(1720, '2025-04-30', 67, 1, NULL, NULL, 5, 1, NULL, 8, NULL, 0),
(1784, '2025-05-01', 9, 1, NULL, NULL, 4, 1, 5, NULL, NULL, 0),
(1785, '2025-05-01', 16, 1, NULL, NULL, 4, 1, 5, NULL, NULL, 0),
(1786, '2025-05-01', 22, 1, NULL, NULL, 1, 1, NULL, 8, NULL, 0),
(1787, '2025-05-01', 29, 1, NULL, NULL, 4, 1, 6, NULL, NULL, 0),
(1788, '2025-05-01', 37, 1, NULL, NULL, 4, 1, 6, NULL, NULL, 0),
(1789, '2025-05-01', 46, 1, NULL, NULL, 4, 1, 5, NULL, NULL, 0),
(1845, '2025-05-02', 9, 1, NULL, NULL, 4, 3, NULL, NULL, NULL, 0),
(1846, '2025-05-02', 16, 1, NULL, NULL, 4, 3, NULL, NULL, NULL, 0),
(1847, '2025-05-02', 22, 1, NULL, NULL, 4, 1, NULL, NULL, NULL, 0),
(1848, '2025-05-02', 29, 1, NULL, NULL, 4, 1, 6, NULL, NULL, 0),
(1849, '2025-05-02', 37, 1, NULL, NULL, 4, 1, 6, NULL, NULL, 0),
(1850, '2025-05-02', 46, 1, NULL, NULL, 4, 3, NULL, NULL, NULL, 0),
(1907, '2025-05-03', 9, 1, NULL, NULL, 4, 3, NULL, NULL, NULL, 0),
(1908, '2025-05-03', 16, 1, NULL, NULL, 4, 3, NULL, NULL, NULL, 0),
(1909, '2025-05-03', 29, 1, NULL, NULL, 4, 1, 6, NULL, NULL, 0),
(1910, '2025-05-03', 37, 1, NULL, NULL, 4, 1, 6, NULL, NULL, 0),
(1911, '2025-05-03', 42, 1, NULL, NULL, 4, 2, NULL, NULL, NULL, 0),
(1912, '2025-05-03', 46, 1, NULL, NULL, 4, 3, NULL, NULL, NULL, 0),
(1913, '2025-05-03', 81, 1, NULL, NULL, 4, 2, NULL, NULL, NULL, 0),
(1914, '2025-05-03', 99, 1, NULL, NULL, 4, 2, NULL, NULL, NULL, 0),
(1978, '2025-05-04', 9, 1, NULL, NULL, 4, 3, NULL, NULL, NULL, 0),
(1979, '2025-05-04', 16, 1, NULL, NULL, 4, 3, NULL, NULL, NULL, 0),
(1980, '2025-05-04', 29, 1, NULL, NULL, 5, 1, 6, NULL, NULL, 0),
(1981, '2025-05-04', 37, 1, NULL, NULL, 4, 1, 6, NULL, NULL, 0),
(1982, '2025-05-04', 42, 1, NULL, NULL, 4, 2, NULL, NULL, NULL, 0),
(1983, '2025-05-04', 46, 1, NULL, NULL, 4, 3, NULL, NULL, NULL, 0),
(1984, '2025-05-04', 71, 1, NULL, NULL, 1, 2, NULL, NULL, NULL, 0),
(1985, '2025-05-04', 81, 1, NULL, NULL, 4, 2, NULL, NULL, NULL, 0),
(1986, '2025-05-04', 99, 1, NULL, NULL, 4, 2, NULL, NULL, NULL, 0),
(2047, '2025-05-05', 2, 1, NULL, NULL, 4, 1, NULL, NULL, NULL, 0),
(2048, '2025-05-05', 9, 1, NULL, NULL, 4, 1, 5, NULL, NULL, 0),
(2049, '2025-05-05', 16, 1, NULL, NULL, 4, 1, 5, NULL, NULL, 0),
(2050, '2025-05-05', 22, 1, NULL, NULL, 4, 1, NULL, NULL, NULL, 0),
(2051, '2025-05-05', 37, 1, NULL, NULL, 4, 1, NULL, NULL, NULL, 0),
(2052, '2025-05-05', 46, 1, NULL, NULL, 5, 1, 5, 8, NULL, 0),
(2088, '2025-05-06', 2, 1, NULL, NULL, 4, 1, NULL, NULL, NULL, 0),
(2089, '2025-05-06', 9, 1, NULL, NULL, 4, 1, 5, NULL, NULL, 0),
(2090, '2025-05-06', 16, 1, NULL, NULL, 4, 1, 5, NULL, NULL, 0),
(2091, '2025-05-06', 22, 1, NULL, NULL, 4, 1, NULL, NULL, NULL, 0),
(2092, '2025-05-06', 37, 1, NULL, NULL, 4, 1, NULL, NULL, NULL, 0),
(2131, '2025-05-07', 2, 1, NULL, NULL, 4, 1, NULL, NULL, NULL, 0),
(2132, '2025-05-07', 9, 1, NULL, NULL, 4, 1, 5, NULL, NULL, 0),
(2133, '2025-05-07', 16, 1, NULL, NULL, 4, 1, 5, NULL, NULL, 0),
(2134, '2025-05-07', 22, 1, NULL, NULL, 4, 1, NULL, NULL, NULL, 0),
(2135, '2025-05-07', 37, 1, NULL, NULL, 4, 1, NULL, NULL, NULL, 0),
(2179, '2025-05-08', 2, 1, NULL, NULL, 4, 1, NULL, NULL, NULL, 0),
(2180, '2025-05-08', 9, 1, NULL, NULL, 4, 1, 5, 10, NULL, 0),
(2181, '2025-05-08', 16, 1, NULL, NULL, 4, 1, 5, NULL, NULL, 0),
(2182, '2025-05-08', 22, 1, NULL, NULL, 4, 1, NULL, NULL, NULL, 0),
(2183, '2025-05-08', 37, 1, NULL, NULL, 4, 1, NULL, NULL, NULL, 0),
(2227, '2025-05-09', 2, 1, NULL, NULL, 4, 3, NULL, NULL, NULL, 0),
(2228, '2025-05-09', 9, 1, NULL, NULL, 4, 1, 5, 10, NULL, 0),
(2229, '2025-05-09', 16, 1, NULL, NULL, 4, 1, 5, 10, NULL, 0),
(2230, '2025-05-09', 22, 1, NULL, NULL, 4, 3, NULL, NULL, NULL, 0),
(2231, '2025-05-09', 37, 1, NULL, NULL, 4, 3, NULL, NULL, NULL, 0),
(2269, '2025-05-12', 2, 1, NULL, NULL, 4, 1, 6, 10, NULL, 0),
(2270, '2025-05-12', 9, 1, NULL, NULL, 5, 1, NULL, 8, NULL, 0),
(2271, '2025-05-12', 11, 1, NULL, NULL, 1, 1, NULL, 8, NULL, 0),
(2272, '2025-05-12', 22, 1, NULL, NULL, 5, 1, 5, 8, NULL, 0),
(2273, '2025-05-12', 24, 1, NULL, NULL, 4, 1, 5, NULL, NULL, 0),
(2274, '2025-05-12', 37, 1, NULL, NULL, 5, 1, NULL, 8, NULL, 0),
(2275, '2025-05-12', 48, 1, NULL, NULL, 4, 1, 6, NULL, NULL, 0),
(2276, '2025-05-12', 89, 1, NULL, NULL, 4, 1, 5, 8, NULL, 0),
(2313, '2025-05-13', 2, 1, NULL, NULL, 4, 1, 6, 10, NULL, 0),
(2314, '2025-05-13', 11, 1, NULL, NULL, 4, 1, 6, 10, NULL, 0),
(2315, '2025-05-13', 24, 1, NULL, NULL, 4, 1, 5, NULL, NULL, 0),
(2316, '2025-05-13', 48, 1, NULL, NULL, 4, 1, 6, 10, NULL, 0),
(2317, '2025-05-13', 89, 1, NULL, NULL, 4, 1, 5, 8, NULL, 0),
(2318, '2025-05-13', 94, 1, NULL, NULL, 1, 1, NULL, NULL, NULL, 0),
(2356, '2025-05-14', 11, 1, NULL, NULL, 4, 1, 6, 10, NULL, 0),
(2357, '2025-05-14', 24, 1, NULL, NULL, 4, 1, 5, NULL, NULL, 0),
(2358, '2025-05-14', 48, 1, NULL, NULL, 4, 1, 6, 10, NULL, 0),
(2359, '2025-05-14', 51, 1, NULL, NULL, 1, 1, NULL, 8, NULL, 0),
(2360, '2025-05-14', 89, 1, NULL, NULL, 4, 1, 5, 8, NULL, 0),
(2361, '2025-05-14', 94, 1, NULL, NULL, 4, 1, 5, NULL, NULL, 0),
(2397, '2025-05-15', 11, 1, NULL, NULL, 4, 1, 6, 10, NULL, 0),
(2398, '2025-05-15', 24, 1, NULL, NULL, 4, 1, 5, NULL, NULL, 0),
(2399, '2025-05-15', 48, 1, NULL, NULL, 5, 1, NULL, 10, NULL, 0),
(2400, '2025-05-15', 51, 1, NULL, NULL, 4, 1, 5, NULL, NULL, 0),
(2401, '2025-05-15', 70, 1, NULL, NULL, 1, 1, NULL, 8, NULL, 0),
(2402, '2025-05-15', 89, 1, NULL, NULL, 4, 1, 5, NULL, NULL, 0),
(2403, '2025-05-15', 94, 1, NULL, NULL, 4, 1, 5, NULL, NULL, 0),
(2438, '2025-05-19', 24, 1, NULL, NULL, 4, 1, 5, NULL, NULL, 0),
(2439, '2025-05-19', 51, 1, NULL, NULL, 4, 1, 5, 8, NULL, 0),
(2440, '2025-05-19', 70, 1, NULL, NULL, 4, 1, 6, 10, NULL, 0),
(2441, '2025-05-19', 89, 1, NULL, NULL, 4, 1, 5, 8, NULL, 0),
(2442, '2025-05-19', 94, 1, NULL, NULL, 4, 1, 5, 8, NULL, 0),
(2477, '2025-05-20', 17, 1, NULL, NULL, 1, 1, NULL, 8, NULL, 0),
(2478, '2025-05-20', 24, 1, NULL, NULL, 4, 1, 5, NULL, NULL, 0),
(2479, '2025-05-20', 51, 1, NULL, NULL, 4, 1, 5, NULL, NULL, 0),
(2480, '2025-05-20', 70, 1, NULL, NULL, 4, 1, 6, NULL, NULL, 0),
(2481, '2025-05-20', 89, 1, NULL, NULL, 4, 1, 5, 8, NULL, 0),
(2482, '2025-05-20', 94, 1, NULL, NULL, 4, 1, 5, 8, NULL, 0),
(2517, '2025-05-21', 13, 1, NULL, NULL, 1, 1, NULL, 8, NULL, 0),
(2518, '2025-05-21', 17, 1, NULL, NULL, 4, 1, 5, NULL, NULL, 0),
(2519, '2025-05-21', 24, 1, NULL, NULL, 4, 1, 5, 8, NULL, 0),
(2520, '2025-05-21', 51, 1, NULL, NULL, 4, 1, 5, 8, NULL, 0),
(2521, '2025-05-21', 70, 1, NULL, NULL, 5, 1, NULL, 10, NULL, 0),
(2522, '2025-05-21', 89, 1, NULL, NULL, 4, 1, 5, 8, NULL, 0),
(2523, '2025-05-21', 93, 1, NULL, NULL, 1, 1, NULL, NULL, NULL, 0),
(2524, '2025-05-21', 94, 1, NULL, NULL, 5, 1, NULL, 10, NULL, 0),
(2562, '2025-05-22', 13, 1, NULL, NULL, 4, 3, NULL, NULL, NULL, 0),
(2563, '2025-05-22', 17, 1, NULL, NULL, 4, 1, 5, NULL, NULL, 0),
(2564, '2025-05-22', 24, 1, NULL, NULL, 4, 1, 5, NULL, NULL, 0),
(2565, '2025-05-22', 51, 1, NULL, NULL, 5, 1, NULL, 8, NULL, 0),
(2566, '2025-05-22', 58, 1, NULL, NULL, 4, 1, 6, 10, NULL, 0),
(2567, '2025-05-22', 84, 1, NULL, NULL, 1, 1, NULL, 8, NULL, 0),
(2568, '2025-05-22', 89, 1, NULL, NULL, 4, 1, 5, NULL, NULL, 0),
(2569, '2025-05-22', 93, 1, NULL, NULL, 4, 1, 6, 10, NULL, 0),
(2620, '2025-05-23', 13, 1, NULL, NULL, 4, 3, NULL, NULL, NULL, 0),
(2621, '2025-05-23', 17, 1, NULL, NULL, 4, 1, 5, NULL, NULL, 0),
(2622, '2025-05-23', 24, 1, NULL, NULL, 4, 1, 5, NULL, NULL, 0),
(2623, '2025-05-23', 58, 1, NULL, NULL, 4, 1, NULL, NULL, NULL, 0),
(2624, '2025-05-23', 84, 1, NULL, NULL, 4, 1, 5, NULL, NULL, 0),
(2625, '2025-05-23', 89, 1, NULL, NULL, 4, 1, 5, NULL, NULL, 0),
(2626, '2025-05-23', 93, 1, NULL, NULL, 4, 1, NULL, NULL, NULL, 0),
(2676, '2025-05-24', 10, 1, NULL, NULL, 4, 2, NULL, NULL, NULL, 0),
(2677, '2025-05-24', 13, 1, NULL, NULL, 4, 3, NULL, NULL, NULL, 0),
(2678, '2025-05-24', 17, 1, NULL, NULL, 4, 1, 5, NULL, NULL, 0),
(2679, '2025-05-24', 20, 1, NULL, NULL, 4, 2, NULL, NULL, NULL, 0),
(2680, '2025-05-24', 21, 1, NULL, NULL, 1, 1, NULL, NULL, NULL, 0),
(2681, '2025-05-24', 24, 1, NULL, NULL, 4, 1, 5, NULL, NULL, 0),
(2682, '2025-05-24', 34, 1, NULL, NULL, 4, 2, NULL, NULL, NULL, 0),
(2683, '2025-05-24', 84, 1, NULL, NULL, 4, 1, 5, NULL, NULL, 0),
(2684, '2025-05-24', 89, 1, NULL, NULL, 4, 1, 5, NULL, NULL, 0),
(2685, '2025-05-24', 90, 1, NULL, NULL, 4, 2, NULL, NULL, NULL, 0),
(2686, '2025-05-24', 98, 1, NULL, NULL, 4, 2, NULL, NULL, NULL, 0),
(2739, '2025-05-25', 10, 1, NULL, NULL, 4, 2, NULL, NULL, NULL, 0),
(2740, '2025-05-25', 13, 1, NULL, NULL, 4, 3, NULL, NULL, NULL, 0),
(2741, '2025-05-25', 17, 1, NULL, NULL, 4, 1, 5, NULL, NULL, 0),
(2742, '2025-05-25', 20, 1, NULL, NULL, 4, 2, NULL, NULL, NULL, 0),
(2743, '2025-05-25', 21, 1, NULL, NULL, 4, 1, 5, NULL, NULL, 0),
(2744, '2025-05-25', 24, 1, NULL, NULL, 4, 1, 5, NULL, NULL, 0),
(2745, '2025-05-25', 34, 1, NULL, NULL, 4, 2, NULL, NULL, NULL, 0),
(2746, '2025-05-25', 84, 1, NULL, NULL, 4, 1, 5, NULL, NULL, 0),
(2747, '2025-05-25', 89, 1, NULL, NULL, 4, 1, 5, NULL, NULL, 0),
(2748, '2025-05-25', 90, 1, NULL, NULL, 4, 2, NULL, NULL, NULL, 0),
(2749, '2025-05-25', 98, 1, NULL, NULL, 4, 2, NULL, NULL, NULL, 0),
(2801, '2025-05-26', 10, 1, NULL, NULL, 5, 1, NULL, NULL, NULL, 0),
(2802, '2025-05-26', 13, 1, NULL, NULL, 4, 3, NULL, 8, NULL, 0),
(2803, '2025-05-26', 17, 1, NULL, NULL, 4, 1, 5, 10, NULL, 0),
(2804, '2025-05-26', 20, 1, NULL, NULL, 4, 1, NULL, NULL, NULL, 0),
(2805, '2025-05-26', 21, 1, NULL, NULL, 4, 1, 5, 10, NULL, 0),
(2806, '2025-05-26', 24, 1, NULL, NULL, 4, 1, 5, 10, NULL, 0),
(2807, '2025-05-26', 34, 1, NULL, NULL, 4, 1, NULL, NULL, NULL, 0),
(2808, '2025-05-26', 84, 1, NULL, NULL, 4, 1, 5, 10, NULL, 0),
(2809, '2025-05-26', 89, 1, NULL, NULL, 4, 1, 5, 10, NULL, 0),
(2810, '2025-05-26', 90, 1, NULL, NULL, 4, 1, NULL, NULL, NULL, 0),
(2811, '2025-05-26', 98, 1, NULL, NULL, 4, 1, NULL, NULL, NULL, 0),
(2862, '2025-05-27', 13, 1, NULL, NULL, 4, 3, NULL, 8, NULL, 0),
(2863, '2025-05-27', 17, 1, NULL, NULL, 4, 1, 5, 10, NULL, 0),
(2864, '2025-05-27', 21, 1, NULL, NULL, 4, 1, 5, 10, NULL, 0),
(2865, '2025-05-27', 24, 1, NULL, NULL, 4, 1, 5, 10, NULL, 0),
(2866, '2025-05-27', 84, 1, NULL, NULL, 4, 1, 5, NULL, NULL, 0),
(2867, '2025-05-27', 89, 1, NULL, NULL, 4, 1, 5, 10, NULL, 0),
(2901, '2025-05-28', 13, 1, NULL, NULL, 4, 1, NULL, 8, NULL, 0),
(2902, '2025-05-28', 17, 1, NULL, NULL, 4, 1, 5, 10, NULL, 0),
(2903, '2025-05-28', 24, 1, NULL, NULL, 4, 1, 5, 10, NULL, 0),
(2904, '2025-05-28', 62, 1, NULL, NULL, 1, 1, NULL, 8, NULL, 0),
(2905, '2025-05-28', 81, 1, NULL, NULL, 4, 1, 5, 10, NULL, 0),
(2906, '2025-05-28', 84, 1, NULL, NULL, 4, 1, 5, 10, NULL, 0),
(2907, '2025-05-28', 89, 1, NULL, NULL, 4, 1, 5, 10, NULL, 0),
(2939, '2025-05-29', 13, 1, NULL, NULL, 4, 1, NULL, 8, NULL, 0),
(2940, '2025-05-29', 17, 1, NULL, NULL, 4, 1, 5, 10, NULL, 0),
(2941, '2025-05-29', 18, 1, NULL, NULL, 1, 1, NULL, NULL, NULL, 0),
(2942, '2025-05-29', 24, 1, NULL, NULL, 4, 1, 5, 10, NULL, 0),
(2943, '2025-05-29', 62, 1, NULL, NULL, 4, 1, NULL, 8, NULL, 0),
(2944, '2025-05-29', 81, 1, NULL, NULL, 5, 1, 5, 10, NULL, 0),
(2945, '2025-05-29', 84, 1, NULL, NULL, 4, 1, 5, 10, NULL, 0),
(2946, '2025-05-29', 89, 1, NULL, NULL, 4, 1, 5, 10, NULL, 0),
(2979, '2025-05-30', 13, 1, NULL, NULL, 4, 1, NULL, 8, NULL, 0),
(2980, '2025-05-30', 17, 1, NULL, NULL, 4, 1, 5, 10, NULL, 0),
(2981, '2025-05-30', 18, 1, NULL, NULL, 4, 1, NULL, 8, NULL, 0),
(2982, '2025-05-30', 24, 1, NULL, NULL, 4, 1, 5, 10, NULL, 0),
(2983, '2025-05-30', 62, 1, NULL, NULL, 4, 1, NULL, 8, NULL, 0),
(2984, '2025-05-30', 84, 1, NULL, NULL, 4, 1, 5, 10, NULL, 0),
(2985, '2025-05-30', 89, 1, NULL, NULL, 4, 1, 5, 10, NULL, 0);
GO

SET IDENTITY_INSERT [Clinical].[PatientVisits] OFF;
GO
